,squirrel_id,X,grid_year,grid,yearn,experiment,mid,locx,locy,litter,nest,n_pups,date,julian_date,year,t_return,return_lat,t_move,m_return,observer,nest_type,cones_counts,mustelid_tracks,LRS,ARS,mom_age,predator,locX,month,locY,local.density,scaled_lat,males,dist,age_sq,litter_id,average_growth,oft1,mis1
3,8330,271,KL_2008,KL,2008,control,J11,J.0,11,1,1,3,4/24/08,115,nonmast,NA,420,NA,n,NA,NA,38.53571429,329,3,0,3,high predator,10,4,11,0,0.735397158,0,0.583095189,9,4172,NA,-1.353790526,-0.343661512
4,8330,270,KL_2008,KL,2008,control,J11,J.0,11,1,2,3,5/21/08,142,nonmast,420,420,458,y,NA,NA,38.53571429,329,3,0,3,high predator,10,5,11,2.448537586,0.735397158,1.506792361,0.583095189,9,4172,NA,-1.353790526,-0.343661512
5,8385,375,KL_2008,KL,2008,control,M14,M.0,14,1,1,3,4/30/08,121,nonmast,NA,420,NA,n,NA,NA,38.53571429,329,0,0,1,high predator,13,4,14,0,0.735397158,0,1.077032961,1,4173,NA,2.31582898,0.487062093
6,8385,374,KL_2008,KL,2008,control,M14,M.0,14,1,2,3,5/25/08,146,nonmast,NA,420,NA,n,rwt,NA,38.53571429,329,0,0,1,high predator,13,5,14,1.318443316,0.735397158,0.37669809,1.077032961,1,4173,NA,2.31582898,0.487062093
9,8576,707,KL_2008,KL,2008,control,"0,15",0,15,1,1,4,4/17/08,108,nonmast,120,120,138,y,rwt,NA,38.53571429,329,11,0,4,high predator,0,4,15,0,-1.464217156,0,1.720465053,16,4176,NA,2.561668469,3.367411475
10,8592,800,KL_2008,KL,2008,control,-612,-6,12,1,1,4,4/15/08,106,nonmast,355,355,391,y,rwt,NA,38.53571429,329,0,0,3,high predator,-6,4,12,0.188349045,0.258814057,0.188349045,1.414213562,9,4177,NA,0.96052564,-1.042707921
11,8648,507,KL_2008,KL,2008,control,K.17,K.5,17,2,1,3,6/18/08,170,nonmast,NA,420,NA,n,NA,NA,38.53571429,329,2,0,3,high predator,16.5,6,17,0,0.735397158,0,5.255473337,9,4180,NA,2.591230983,1.508963025
12,8648,506,KL_2008,KL,2008,control,K.17,K.5,17,2,2,3,7/12/08,194,nonmast,124,124,142,y,bjd,NA,38.53571429,329,2,0,3,high predator,16.5,7,17,0,-1.434888965,0,4.204759208,9,4180,NA,2.591230983,1.508963025
13,8648,508,KL_2008,KL,2008,control,K.17,K.5,17,1,1,4,4/29/08,120,nonmast,30,30,60,y,NA,NA,38.53571429,329,2,0,3,high predator,16.5,4,17,0,-2.12410145,0,5.255473337,9,4179,NA,2.591230983,1.508963025
15,8727,26,KL_2008,KL,2008,control,A10.,A.0,10.5,1,2,2,5/22/08,143,nonmast,NA,420,NA,n,NA,NA,38.53571429,329,8,0,4,high predator,1,5,10.5,2.071839496,0.735397158,1.506792361,1.13137085,16,4182,NA,-0.851635405,-1.671260137
16,8727,27,KL_2008,KL,2008,control,A10.,A.0,10.5,1,1,4,4/28/08,119,nonmast,NA,420,NA,n,NA,NA,38.53571429,329,8,0,4,high predator,1,4,10.5,0,0.735397158,0,1.13137085,16,4182,NA,-0.851635405,-1.671260137
17,8732,809,KL_2008,KL,2008,control,-711,-7,11,1,2,2,5/21/08,142,nonmast,32,32,186,y,NA,NA,38.53571429,329,0,0,2,high predator,-7,5,11,2.260188541,-2.109437354,1.695141406,0,4,4183,NA,0.715781439,-1.928635904
18,8732,810,KL_2008,KL,2008,control,-711,-7,11,1,1,2,4/26/08,117,nonmast,NA,NA,NA,NA,NA,NA,38.53571429,329,0,0,2,high predator,-7,4,11,0.188349045,NA,0.188349045,0,4,4183,NA,0.715781439,-1.928635904
19,8733,69,KL_2008,KL,2008,control,C13,C.0,13,1,1,3,5/3/08,124,nonmast,225,225,249,y,NA,NA,38.53571429,329,0,0,3,high predator,3,5,13,1.883490451,-0.694352146,0.941745225,1.360147051,9,4184,1.658333333,0.329058388,-0.048740909
20,8733,68,KL_2008,KL,2008,control,C13,C.0,13,1,2,3,5/27/08,148,nonmast,220,220,240,y,NA,NA,38.53571429,329,0,0,3,high predator,3,5,13,1.883490451,-0.731012385,0.941745225,1.360147051,9,4184,1.658333333,0.329058388,-0.048740909
21,10131,478,KL_2008,KL,2008,control,P1,P.0,1,1,1,3,4/10/08,101,nonmast,NA,420,NA,n,rwt,NA,38.53571429,329,6,0,3,high predator,16,4,1,0,0.735397158,0,0.509901951,9,4185,NA,2.775037159,-2.487401242
22,10131,477,KL_2008,KL,2008,control,P1,P.0,1,1,2,3,5/5/08,126,nonmast,NA,420,NA,n,NA,NA,38.53571429,329,6,0,3,high predator,16,5,1,0.941745225,0.735397158,0.565047135,0.509901951,9,4185,NA,2.775037159,-2.487401242
23,10133,22,SU_2009,SU,2009,control,A3,A.0,3,1,1,3,6/9/09,160,nonmast,NA,420,NA,n,NA,NA,3.058139535,314,10,1,4,high predator,1,6,3,0,0.735397158,0,0.3,16,4546,NA,-0.378104072,0.108173803
24,10133,21,SU_2009,SU,2009,control,A3,A.0,3,1,2,3,7/4/09,185,nonmast,85,85,117,y,NA,NA,3.058139535,314,10,1,4,high predator,1,7,3,0.188349045,-1.720838826,0.188349045,3.551056181,16,4546,NA,-0.378104072,0.108173803
25,10137,752,KL_2008,KL,2008,control,-24,-2,4,1,2,1,5/5/08,126,nonmast,NA,420,NA,n,NA,NA,38.53571429,329,3,1,3,high predator,-2,5,4,1.695141406,0.735397158,0.75339618,2.9,9,4186,1.692307692,2.666045616,4.525639456
26,10137,753,KL_2008,KL,2008,control,-24,-2,4,1,1,4,4/9/08,100,nonmast,NA,NA,NA,y,NA,NA,38.53571429,329,3,1,3,high predator,-2,4,4,0,NA,0,2.9,9,4186,1.692307692,2.666045616,4.525639456
27,10137,761,KL_2009,KL,2009,control,-2.4.,-2.5,4.5,1,1,5,6/11/09,162,nonmast,NA,420,NA,n,NA,NA,12.08333333,314,3,0,4,high predator,-2.5,6,4.5,0,0.735397158,0,0.1,16,4458,NA,2.666045616,4.525639456
28,10137,760,KL_2009,KL,2009,control,-2.4.,-2.5,4.5,1,2,5,7/6/09,187,nonmast,NA,420,NA,n,NA,NA,12.08333333,314,3,0,4,high predator,-2.5,7,4.5,0.188349045,0.735397158,0,0.1,16,4458,NA,2.666045616,4.525639456
29,10140,574,KL_2008,KL,2008,control,M.12.,M.5,12.5,1,2,3,5/5/08,126,nonmast,NA,420,NA,n,NA,NA,38.53571429,329,5,1,3,high predator,18.5,5,12.5,0.188349045,0.735397158,0,6.212889827,9,4187,2.08,0.991259332,-2.487401242
30,10140,571,KL_2009,KL,2009,control,M.12.,M.5,12.5,1,1,4,5/12/09,132,nonmast,NA,420,NA,n,NA,NA,12.08333333,314,5,0,4,high predator,18.5,5,12.5,0,0.735397158,0,4.901020302,16,4459,NA,0.991259332,-2.487401242
31,10140,575,KL_2008,KL,2008,control,M.12.,M.5,12.5,1,1,3,4/10/08,101,nonmast,NA,420,NA,n,rwt,NA,38.53571429,329,5,1,3,high predator,18.5,4,12.5,0,0.735397158,0,6.212889827,9,4187,2.08,0.991259332,-2.487401242
32,10145,202,KL_2008,KL,2008,control,C.19,C.5,19,1,1,4,4/24/08,115,nonmast,165,165,209,y,NA,NA,38.53571429,329,4,0,3,high predator,8.5,4,19,0,-1.134275009,0,5,9,4188,NA,2.367430896,0.432091415
33,10145,149,KL_2009,KL,2009,control,G20.,G.0,20.5,1,1,4,6/18/09,169,nonmast,170,170,183,y,NA,NA,12.08333333,329,4,0,3,high predator,7,6,20.5,0.188349045,-1.09761477,0.188349045,3.807886553,9,4460,NA,2.367430896,0.432091415
34,10145,201,KL_2008,KL,2008,control,C.19,C.5,19,1,2,4,5/18/08,139,nonmast,NA,420,NA,n,NA,NA,38.53571429,314,4,0,4,high predator,8.5,5,19,1.318443316,0.735397158,0.941745225,5,16,4188,NA,2.367430896,0.432091415
35,10160,460,SU_2009,SU,2009,control,J.10.,J.5,10.5,1,1,2,6/14/09,165,nonmast,348,348,368,y,NA,NA,3.058139535,314,8,0,4,high predator,15.5,6,10.5,0.188349045,0.207489723,0.188349045,4.396589587,16,4547,1.738095238,1.815666599,-1.286189656
36,10160,459,SU_2009,SU,2009,control,J.10.,J.5,10.5,1,2,2,7/5/09,186,nonmast,268,268,322,y,NA,NA,3.058139535,314,8,0,4,high predator,15.5,7,10.5,0.188349045,-0.379074094,0.188349045,7.158910532,16,4547,1.738095238,1.815666599,-1.286189656
37,10181,232,KL_2008,KL,2008,control,I2.,I.0,2.5,1,1,4,4/14/08,105,nonmast,75,75,80,y,NA,NA,38.53571429,314,15,3,4,high predator,9,4,2.5,0,-1.794159303,0,0.948683298,16,4189,1.890277778,-0.136910468,2.059714817
38,10181,231,KL_2009,KL,2009,control,I2.,I.0,2.5,1,2,4,6/6/09,157,nonmast,15,15,19,y,NA,NA,12.08333333,314,15,3,4,high predator,9,6,2.5,0.188349045,-2.234082166,0.188349045,0.141421356,16,4461,2.130434783,-0.136910468,2.059714817
39,10181,234,KL_2009,KL,2009,control,I2.,I.0,2.5,1,1,4,5/14/09,134,nonmast,0,NA,0,NA,NA,NA,12.08333333,329,15,2,3,high predator,9,5,2.5,2.071839496,NA,1.13009427,0.141421356,9,4461,2.130434783,-0.136910468,2.059714817
40,10181,235,KL_2008,KL,2008,control,I2.,I.0,2.5,1,2,4,5/8/08,129,nonmast,13,13,35,y,rwt,NA,38.53571429,329,15,2,3,high predator,9,5,2.5,1.883490451,-2.248746261,1.13009427,0.948683298,9,4189,1.890277778,-0.136910468,2.059714817
46,10183,45,KL_2008,KL,2008,control,B2,B.0,2,1,1,3,4/15/08,106,nonmast,64,64,NA,y,rwt,NA,38.53571429,329,7,0,3,high predator,2,4,2,0,-1.874811828,0,1.118033989,9,4192,NA,2.63357153,-2.468982665
47,10183,66,KL_2009,KL,2009,control,C2.,C.0,2.5,1,2,4,6/19/09,170,nonmast,239,239,252,y,NA,NA,12.08333333,314,7,1,4,high predator,3,6,2.5,0.188349045,-0.591703478,0.188349045,1.208304597,16,4463,NA,2.63357153,-2.468982665
48,10183,67,KL_2009,KL,2009,control,C2.,C.0,2.5,1,1,4,5/25/09,145,nonmast,10,10,27,y,NA,NA,12.08333333,314,7,1,4,high predator,3,5,2.5,1.318443316,-2.270742404,0.565047135,1.208304597,16,4463,NA,2.63357153,-2.468982665
49,10184,731,KL_2009,KL,2009,control,-1.1,-1.5,1,2,1,3,7/6/09,187,nonmast,NA,420,NA,n,NA,NA,12.08333333,314,1,0,3,high predator,-1.5,7,1,0.188349045,0.735397158,0,0.4,9,4465,NA,1.018315289,3.317111404
50,10184,733,KL_2008,KL,2008,control,-1.1.,-1.5,1.5,1,1,4,4/6/08,97,nonmast,NA,420,NA,n,rwt,NA,38.53571429,329,1,0,2,high predator,-1.5,4,1.5,0,0.735397158,0,0.640312424,4,4193,NA,1.018315289,3.317111404
51,10184,730,KL_2009,KL,2009,control,-1.1,-1.5,1,2,2,2,7/30/09,211,nonmast,NA,420,NA,n,NA,NA,12.08333333,314,1,0,3,high predator,-1.5,7,1,0.188349045,0.735397158,0,0.4,9,4465,NA,1.018315289,3.317111404
52,10184,732,KL_2009,KL,2009,control,-1.1,-1.5,1,1,1,3,5/21/09,141,nonmast,NA,420,NA,n,NA,NA,12.08333333,314,1,0,3,high predator,-1.5,5,1,0.75339618,0.735397158,0,0.509901951,9,4464,NA,1.018315289,3.317111404
53,10191,308,SU_2009,SU,2009,control,K6.,K.0,6.5,2,1,5,7/23/09,204,nonmast,58,58,64,y,NA,NA,3.058139535,314,23,0,4,high predator,11,7,6.5,0.565047135,-1.918804114,0.37669809,0,16,4549,NA,1.648010192,-2.487401242
54,10191,309,SU_2009,SU,2009,control,K6.,K.0,6.5,1,1,3,6/11/09,162,nonmast,NA,NA,NA,NA,NA,NA,3.058139535,314,23,0,4,high predator,11,6,6.5,0.37669809,NA,0.37669809,0,16,4548,NA,1.648010192,-2.487401242
55,10191,307,SU_2009,SU,2009,control,K6.,K.0,6.5,2,2,4,8/17/09,229,nonmast,122,122,821,y,NA,NA,3.058139535,314,23,0,4,high predator,11,8,6.5,1.506792361,-1.44955306,1.13009427,0,16,4549,NA,1.648010192,-2.487401242
60,10317,772,KL_2009,KL,2009,control,-310,-3,10,1,1,4,5/13/09,133,nonmast,NA,420,NA,n,NA,NA,12.08333333,314,0,0,3,high predator,-3,5,10,2.071839496,0.735397158,1.695141406,0,9,4468,0,2.961452853,-1.695069436
61,10317,771,KL_2009,KL,2009,control,-310,-3,10,1,2,4,6/11/09,162,nonmast,NA,420,NA,n,NA,NA,12.08333333,314,0,0,3,high predator,-3,6,10,0,0.735397158,0,0,9,4468,0,2.961452853,-1.695069436
62,10317,776,KL_2008,KL,2008,control,-49,-4,9,1,2,3,5/15/08,136,nonmast,30,30,100,y,NA,NA,38.53571429,329,0,0,2,high predator,-4,5,9,3.013584721,-2.12410145,2.260188541,1.58113883,4,4196,NA,2.961452853,-1.695069436
63,10317,777,KL_2008,KL,2008,control,-49,-4,9,1,1,3,4/20/08,111,nonmast,192,192,NA,y,NA,NA,38.53571429,329,0,0,2,high predator,-4,4,9,0.188349045,-0.93630972,0.188349045,1.58113883,4,4196,NA,2.961452853,-1.695069436
64,10318,123,KL_2008,KL,2008,control,F1,F.0,1,1,1,3,4/19/08,110,nonmast,175,175,305,y,rwt,NA,38.53571429,329,19,0,2,high predator,6,4,1,0.188349045,-1.060954532,0,1.029563014,4,4197,2.047826087,0.97136661,1.228918337
65,10318,121,KL_2009,KL,2009,control,F1,F.0,1,1,1,2,5/25/09,145,nonmast,60,60,65,y,NA,NA,12.08333333,314,19,1,3,high predator,6,5,1,1.695141406,-1.904140018,0.75339618,0.3,9,4469,2.133333333,0.97136661,1.228918337
66,10318,122,KL_2008,KL,2008,control,F1,F.0,1,1,2,3,5/12/08,133,nonmast,39,39,65,y,rwt,NA,38.53571429,329,19,0,2,high predator,6,5,1,1.695141406,-2.05811302,0.941745225,1.029563014,4,4197,2.047826087,0.97136661,1.228918337
67,10318,120,KL_2009,KL,2009,control,F1,F.0,1,1,2,2,6/9/09,160,nonmast,5,5,7,y,NA,NA,12.08333333,314,19,1,3,high predator,6,6,1,0.188349045,-2.307402643,0.188349045,0.3,9,4469,2.133333333,0.97136661,1.228918337
68,10342,364,KL_2008,KL,2008,control,G.1.,G.5,1.5,1,2,2,5/29/08,150,nonmast,111,111,320,y,rwt,NA,38.53571429,329,18,1,1,high predator,12.5,5,1.5,1.506792361,-1.530205585,0.75339618,5.2,1,4198,2.3625,-1.958587389,-1.189596699
69,10342,358,KL_2008,KL,2008,control,G.1.,G.5,1.5,1,1,2,5/13/08,134,nonmast,59,59,NA,y,rwt,NA,38.53571429,314,18,1,2,high predator,12.5,5,1.5,1.506792361,-1.911472066,0.75339618,5.2,4,4198,2.3625,-1.958587389,-1.189596699
70,10342,357,KL_2009,KL,2009,control,G.1.,G.5,1.5,1,2,4,7/11/09,192,nonmast,NA,420,NA,n,NA,NA,12.08333333,314,18,1,2,high predator,12.5,7,1.5,0.37669809,0.735397158,0.188349045,5.2,4,4470,NA,-1.958587389,-1.189596699
71,10342,363,KL_2009,KL,2009,control,G.1.,G.5,1.5,1,1,4,6/15/09,166,nonmast,NA,NA,NA,NA,NA,NA,12.08333333,329,18,1,1,high predator,12.5,6,1.5,0,NA,0,5.2,1,4470,NA,-1.958587389,-1.189596699
72,10362,233,SU_2009,SU,2009,control,I14.,I.0,14.5,1,1,3,5/30/09,150,nonmast,NA,420,NA,n,NA,NA,3.058139535,314,0,0,2,high predator,9,5,14.5,0.565047135,0.735397158,0.37669809,0,4,4551,NA,1.676276867,2.750779637
73,10374,340,KL_2009,KL,2009,control,L8,L.0,8,1,2,3,6/9/09,160,nonmast,398,398,406,y,NA,NA,12.08333333,314,9,1,2,high predator,12,6,8,0.188349045,0.574092108,0.188349045,1.13137085,4,4471,NA,-0.658798931,-2.212802031
74,10375,537,KL_2009,KL,2009,control,L.1,L.5,1,1,1,3,5/20/09,140,nonmast,NA,420,NA,n,NA,NA,12.08333333,329,11,0,1,high predator,17.5,5,1,0.565047135,0.735397158,0.188349045,5.0009999,1,4472,1.863636364,-1.679198618,-2.486039869
75,10375,535,KL_2009,KL,2009,control,L.1,L.5,1,1,2,3,6/11/09,162,nonmast,168,168,169,y,NA,NA,12.08333333,314,11,1,2,high predator,17.5,6,1,0,-1.112278866,0,5.0009999,4,4472,1.863636364,-1.679198618,-2.486039869
76,10375,536,KL_2008,KL,2008,control,L.1,L.5,1,1,2,2,5/22/08,143,nonmast,51,51,140,y,NA,NA,38.53571429,314,11,1,2,high predator,17.5,5,1,0.941745225,-1.970128448,0.565047135,5.930430001,4,4200,2.261538462,-1.679198618,-2.486039869
77,10375,538,KL_2008,KL,2008,control,L.1,L.5,1,1,1,3,4/26/08,117,nonmast,NA,420,NA,n,NA,NA,38.53571429,329,11,0,1,high predator,17.5,4,1,0,0.735397158,0,5.930430001,1,4200,2.261538462,-1.679198618,-2.486039869
78,10377,359,KL_2009,KL,2009,control,G.10.,G.5,10.5,1,2,3,6/25/09,176,nonmast,241,241,248,y,NA,NA,12.08333333,314,6,2,2,high predator,12.5,6,10.5,0.188349045,-0.577039383,0.188349045,7.610519036,4,4473,1.652173913,1.306894543,3.261199384
79,10377,360,KL_2009,KL,2009,control,G.10.,G.5,10.5,1,1,3,6/2/09,153,nonmast,407,407,433,y,NA,NA,12.08333333,314,6,2,2,high predator,12.5,6,10.5,0.188349045,0.640080538,0.188349045,7.610519036,4,4473,1.652173913,1.306894543,3.261199384
80,10391,797,KL_2009,KL,2009,control,-63,-6,3,1,1,4,6/7/09,158,nonmast,129,129,184,y,NA,NA,12.08333333,314,5,0,2,high predator,-6,6,3,0,-1.398228726,0,0,4,4474,NA,1.341105379,2.972471613
81,10391,789,KL_2008,KL,2008,control,-53,-5,3,1,1,3,5/5/08,126,nonmast,248,248,280,y,NA,NA,38.53571429,329,5,1,1,high predator,-5,5,3,0.941745225,-0.525715049,0.37669809,2.40208243,1,4202,NA,1.341105379,2.972471613
82,10391,788,KL_2008,KL,2008,control,-53,-5,3,1,2,3,5/29/08,150,nonmast,192,192,235,y,rwt,NA,38.53571429,329,5,1,1,high predator,-5,5,3,0.941745225,-0.93630972,0.37669809,2.40208243,1,4202,NA,1.341105379,2.972471613
83,10391,796,KL_2009,KL,2009,control,-63,-6,3,1,2,4,7/4/09,185,nonmast,205,205,223,y,NA,NA,12.08333333,314,5,0,2,high predator,-6,7,3,0.188349045,-0.8409931,0,0,4,4474,NA,1.341105379,2.972471613
84,10405,444,SU_2009,SU,2009,control,O11,O.0,11,1,1,2,6/13/09,164,nonmast,NA,420,NA,n,NA,NA,3.058139535,314,0,0,2,high predator,15,6,11,0.188349045,0.735397158,0.188349045,0,4,4552,NA,-0.505556425,-2.464217859
85,10405,443,SU_2009,SU,2009,control,O11,O.0,11,1,2,2,7/7/09,188,nonmast,NA,420,NA,n,NA,NA,3.058139535,314,0,0,2,high predator,15,7,11,0.188349045,0.735397158,0.188349045,0,4,4552,NA,-0.505556425,-2.464217859
86,10408,84,KL_2009,KL,2009,control,D3.,D.0,3.5,1,1,3,6/2/09,153,nonmast,NA,420,NA,n,NA,NA,12.08333333,314,3,0,2,high predator,4,6,3.5,0.188349045,0.735397158,0.188349045,0,4,4475,NA,1.5762687,0.307567576
87,10408,85,KL_2008,KL,2008,control,D3.,D.0,3.5,1,2,3,5/19/08,140,nonmast,135,135,165,y,NA,NA,38.53571429,329,3,1,1,high predator,4,5,3.5,2.825235676,-1.35423644,1.506792361,0,1,4203,1.534615385,1.5762687,0.307567576
88,10408,86,KL_2008,KL,2008,control,D3.,D.0,3.5,1,1,3,4/23/08,114,nonmast,NA,420,NA,n,NA,NA,38.53571429,329,3,1,1,high predator,4,4,3.5,0.188349045,0.735397158,0,0,1,4203,1.534615385,1.5762687,0.307567576
89,10461,775,KL_2009,KL,2009,control,-414,-4,14,1,1,3,6/23/09,174,nonmast,105,105,237,y,NA,NA,12.08333333,314,0,0,1,high predator,-4,6,14,0,-1.574197871,0,0.4,1,4476,NA,2.246743316,0.870053587
90,10517,605,KL_2009,KL,2009,control,n.2.,n.5,2.5,1,1,3,5/30/09,150,nonmast,135,135,220,y,NA,NA,12.08333333,314,3,1,2,high predator,19.5,5,2.5,0.37669809,-1.35423644,0.188349045,5.100980298,4,4478,1.52173913,2.591731438,3.225777641
91,10517,604,KL_2009,KL,2009,control,n.2.,n.5,2.5,1,2,3,6/22/09,173,nonmast,NA,420,NA,n,NA,NA,12.08333333,314,3,1,2,high predator,19.5,6,2.5,0,0.735397158,0,5.100980298,4,4478,1.52173913,2.591731438,3.225777641
94,10686,344,KL_2008,KL,2008,control,L10,L.0,10,1,1,3,4/15/08,106,nonmast,NA,420,NA,n,rwt,NA,38.53571429,329,34,3,1,high predator,12,4,10,0,0.735397158,0,0.223606798,1,4205,1.437333333,2.303527773,1.097494243
95,10686,341,KL_2009,KL,2009,control,L10,L.0,10,1,2,3,6/2/09,153,nonmast,NA,420,NA,n,NA,NA,12.08333333,314,34,1,2,high predator,12,6,10,0.188349045,0.735397158,0.188349045,0.223606798,4,4479,1.823529412,2.303527773,1.097494243
96,10686,343,KL_2008,KL,2008,control,L10,L.0,10,1,2,3,5/10/08,131,nonmast,NA,420,NA,n,rwt,NA,38.53571429,329,34,3,1,high predator,12,5,10,2.636886631,0.735397158,1.506792361,0.223606798,1,4205,1.437333333,2.303527773,1.097494243
97,10686,342,KL_2009,KL,2009,control,L10,L.0,10,1,1,3,5/16/09,136,nonmast,NA,420,NA,n,NA,NA,12.08333333,314,34,1,2,high predator,12,5,10,1.695141406,0.735397158,0.941745225,0.223606798,4,4479,1.823529412,2.303527773,1.097494243
98,10722,754,KL_2008,KL,2008,control,-215,-2,15,1,2,3,6/3/08,155,nonmast,NA,NA,NA,NA,NA,NA,38.53571429,329,1,1,2,high predator,-2,6,15,0,NA,0,3.014962686,4,4206,1.576923077,1.57665166,3.035942199
99,10722,755,KL_2008,KL,2008,control,-215,-2,15,1,1,3,5/8/08,129,nonmast,205,205,225,y,NA,NA,38.53571429,329,1,1,2,high predator,-2,5,15,1.695141406,-0.8409931,0.941745225,3.014962686,4,4206,1.576923077,1.57665166,3.035942199
100,10735,23,SU_2009,SU,2009,control,A19,A.0,19,1,2,3,7/5/09,186,nonmast,NA,NA,NA,y,NA,NA,3.058139535,314,0,0,2,high predator,1,7,19,0,NA,0,0.2,4,4555,NA,0.628250815,1.743163542
101,10735,24,SU_2009,SU,2009,control,A19,A.0,19,1,1,3,6/8/09,159,nonmast,133,133,260,y,NA,NA,3.058139535,314,0,0,2,high predator,1,6,19,0.188349045,-1.368900535,0.188349045,0.2,4,4555,NA,0.628250815,1.743163542
102,10746,447,KL_2008,KL,2008,control,O10.,O.0,10.5,1,2,4,5/18/08,139,nonmast,NA,420,NA,n,NA,NA,38.53571429,329,0,0,1,high predator,15,5,10.5,1.13009427,0.735397158,0.188349045,0,1,4207,NA,0.971878161,-2.487401242
103,10748,244,KL_2008,KL,2008,control,D.5.,D.5,5.5,1,2,2,6/3/08,155,nonmast,181,181,201,y,NA,NA,38.53571429,329,0,0,1,high predator,9.5,6,5.5,0.188349045,-1.016962245,0.188349045,5.0009999,1,4208,NA,0.613023264,3.008599345
104,10748,245,KL_2008,KL,2008,control,D.5.,D.5,5.5,1,1,2,5/6/08,127,nonmast,187,187,260,y,NA,NA,38.53571429,329,0,0,1,high predator,9.5,5,5.5,2.071839496,-0.972969959,1.506792361,5.0009999,1,4208,NA,0.613023264,3.008599345
105,10748,243,KL_2009,KL,2009,control,D.5.,D.5,5.5,1,1,3,5/30/09,150,nonmast,NA,420,NA,n,NA,NA,12.08333333,314,0,0,2,high predator,9.5,5,5.5,1.695141406,0.735397158,0.941745225,5.0009999,4,4481,NA,0.613023264,3.008599345
106,10754,361,KL_2009,KL,2009,control,G.18,G.5,18,1,2,3,7/11/09,192,nonmast,NA,420,NA,n,NA,NA,12.08333333,314,1,1,1,high predator,12.5,7,18,0.188349045,0.735397158,0.188349045,5.0009999,1,4482,NA,-0.052084722,-2.483317123
107,10754,362,KL_2009,KL,2009,control,G.18,G.5,18,1,1,3,6/18/09,169,nonmast,300,300,NA,y,NA,NA,12.08333333,314,1,1,1,high predator,12.5,6,18,0.37669809,-0.144448568,0.37669809,5.0009999,1,4482,NA,-0.052084722,-2.483317123
108,10759,751,KL_2009,KL,2009,control,-215,-2,15,1,1,4,6/23/09,174,nonmast,373,373,NA,y,NA,NA,12.08333333,314,0,0,1,high predator,-2,6,15,0,0.390790915,0,0,1,4483,NA,1.407546149,-2.483677487
109,10818,808,KL_2009,KL,2009,control,-712,-7,12,1,1,3,6/16/09,167,nonmast,NA,420,NA,n,NA,NA,12.08333333,314,16,2,1,high predator,-7,6,12,0,0.735397158,0,0,1,4484,2.1,0.42203909,2.484509232
110,10818,807,KL_2009,KL,2009,control,-712,-7,12,1,2,3,7/9/09,190,nonmast,NA,420,NA,n,NA,NA,12.08333333,314,16,2,1,high predator,-7,7,12,0.188349045,0.735397158,0,1,1,4484,2.1,0.42203909,2.484509232
111,11020,785,KL_2016,KL,2016,control,-513,-5,13,1,1,2,4/18/16,109,nonmast,NA,420,NA,n,STT,wb,0,32,0,0,4,low predator,-5,4,13,0,0.735397158,0,0.360555128,16,7137,NA,0.57960052,1.74127902
112,11020,784,KL_2016,KL,2016,control,-513,-5,13,1,2,2,5/11/16,132,nonmast,NA,420,NA,n,SBS,grass,0,32,0,0,4,low predator,-5,5,13,3.955329947,0.735397158,1.883490451,0.360555128,16,7137,NA,0.57960052,1.74127902
115,11177,269,KL_2009,KL,2009,control,J1,J.0,1,1,1,3,6/17/09,168,nonmast,304,304,344,y,NA,NA,12.08333333,314,0,0,1,high predator,10,6,1,0.188349045,-0.115120377,0.188349045,0,1,4487,NA,0.656796575,0.203102073
116,11177,268,KL_2009,KL,2009,control,J1,J.0,1,1,2,3,7/9/09,190,nonmast,NA,420,NA,n,NA,NA,12.08333333,314,0,0,1,high predator,10,7,1,0.75339618,0.735397158,0.565047135,1.835755975,1,4487,NA,0.656796575,0.203102073
117,11256,275,KL_2016,KL,2016,control,E.5,E.5,5,1,1,2,5/7/16,128,nonmast,NA,420,NA,n,JGR,wb,0,32,28,0,7,low predator,10.5,5,5,3.955329947,0.735397158,1.506792361,5.203844733,49,6424,NA,2.828371198,-0.96572934
118,11576,189,SU_2017,SU,2017,control,C.4,C.5,4,1,1,2,5/14/17,134,nonmast,312,312,331,y,JGR,grass,1.542168675,19,7,1,7,low predator,8.5,5,4,2.260188541,-0.056463995,1.506792361,5.100980298,49,7684,NA,1.867570294,1.583515935
119,11576,188,SU_2017,SU,2017,control,C.4,C.5,4,1,2,2,6/7/17,158,nonmast,303,303,314,y,nKP/ARM,grass,1.542168675,19,7,1,7,low predator,8.5,6,4,0,-0.122452424,0,5.100980298,49,7684,NA,1.867570294,1.583515935
130,11775,161,KL_2016,KL,2016,control,B.5.,B.5,5.5,1,1,2,5/12/16,133,nonmast,NA,420,NA,n,ERS,NA,0,32,26,0,6,low predator,7.5,5,5.5,4.897075172,0.735397158,2.071839496,5.1,36,7042,NA,2.668612627,2.169651293
131,11775,160,KL_2016,KL,2016,control,B.5.,B.5,5.5,1,2,2,6/4/16,156,nonmast,NA,420,NA,n,ERS,NA,0,32,26,0,6,low predator,7.5,6,5.5,0,0.735397158,0,5.1,36,7042,NA,2.668612627,2.169651293
132,11976,36,SU_2016,SU,2016,control,B1.,B.0,1.5,1,1,1,4/17/16,108,nonmast,100,100,120,y,JGR,grass,0,32,12,0,6,low predator,2,4,1.5,0,-1.61085811,0,0.1,36,6440,NA,2.830621462,2.012460391
133,11998,88,SU_2017,SU,2017,control,E12.,E.0,12.5,1,2,3,6/7/17,158,nonmast,NA,420,NA,n,SWK/MMS/MJD,grass,1.542168675,19,23,1,7,low predator,5,6,12.5,0,0.735397158,0,0.1,49,7692,NA,1.911851785,-0.117749328
134,11998,89,SU_2017,SU,2017,control,E12.,E.0,12.5,1,1,3,5/16/17,136,nonmast,NA,420,NA,n,ZCF/nMI/LEP,wb,1.542168675,19,23,1,7,low predator,5,5,12.5,2.636886631,0.735397158,1.883490451,0.1,49,7692,NA,1.911851785,-0.117749328
135,12003,71,SU_2017,SU,2017,control,D2,D.0,2,1,2,2,6/13/17,164,nonmast,NA,420,NA,n,HLS/MJD,grass,1.542168675,19,3,1,7,low predator,4,6,2,0,0.735397158,0,0.141421356,49,7899,1.277777778,-1.465044267,-1.460577546
136,12003,80,SU_2017,SU,2017,control,D2,D.0,2,1,1,2,5/21/17,141,nonmast,96,96,376,y,MMS/MJT,grass,1.542168675,32,3,1,6,low predator,4,5,2,2.260188541,-1.640186301,1.506792361,0.141421356,36,7899,1.277777778,-1.465044267,-1.460577546
137,12003,72,SU_2016,SU,2016,control,D2,D.0,2,1,2,3,5/2/16,123,nonmast,NA,420,NA,n,SMK,NA,0,19,3,1,7,low predator,4,5,2,2.260188541,0.735397158,1.506792361,0.141421356,49,6442,NA,-1.465044267,-1.460577546
138,12012,590,KL_2017,KL,2017,control,n.6.,n.5,6.5,1,1,2,5/21/17,141,nonmast,190,190,330,y,MMS/MCS,grass,1.142857143,19,2,0,6,low predator,19.5,5,6.5,0.565047135,-0.950973816,0,4.801041554,36,7693,NA,-2.135189466,-2.43873357
139,12026,439,SU_2016,SU,2016,control,O8,O.0,8,1,1,3,5/8/16,129,nonmast,NA,420,NA,n,JGR,grass,0,32,NA,0,6,low predator,15,5,8,2.071839496,0.735397158,1.695141406,0.223606798,36,7050,NA,2.41725993,1.232856243
144,12180,481,SU_2017,SU,2017,control,K.15,K.5,15,1,1,1,5/4/17,124,nonmast,67,67,74,y,nMI/BMT,grass,1.542168675,19,0,0,6,low predator,16.5,5,15,0.75339618,-1.852815684,0.565047135,5.1,36,7696,NA,-1.157173917,-2.487401242
145,12180,502,SU_2016,SU,2016,control,K.15,K.5,15,1,2,3,5/13/16,134,nonmast,385,385,392,y,AEW,wb,0,32,0,0,5,low predator,16.5,5,15,0.75339618,0.478775488,0.565047135,5.1,25,6448,NA,-1.157173917,-2.487401242
146,12180,480,SU_2017,SU,2017,control,K.15,K.5,15,1,2,1,5/26/17,146,nonmast,180,180,180,y,MMS/JGR/JBT,cavity,1.542168675,19,0,0,6,low predator,16.5,5,15,0.75339618,-1.024294293,0.565047135,5.1,36,7696,NA,-1.157173917,-2.487401242
149,12305,381,KL_2016,KL,2016,control,H.6,H.5,6,1,2,3,5/14/16,135,nonmast,NA,420,NA,n,FVK,NA,0,32,8,0,6,low predator,13.5,5,6,3.201933766,0.735397158,1.883490451,5.0009999,36,6451,NA,1.426339117,-0.014191476
150,12305,382,KL_2016,KL,2016,control,H.6,H.5,6,1,1,3,4/19/16,110,nonmast,NA,420,NA,n,ABM,wb,0,32,8,0,6,low predator,13.5,4,6,0,0.735397158,0,5.0009999,36,6451,NA,1.426339117,-0.014191476
157,12435,300,SU_2016,SU,2016,control,K12,K.0,12,1,2,2,5/29/16,150,nonmast,28,28,45,y,JGR,cavity,0,32,5,1,6,low predator,11,5,12,2.071839496,-2.138765545,1.318443316,0,36,6457,NA,1.693832578,-2.487401242
171,12972,736,SU_2017,SU,2017,control,"-2,19",-2,19,1,1,1,5/15/17,135,nonmast,386,386,NA,y,ARM/nKP/JGR/MJT,grass,1.542168675,19,2,0,6,low predator,-2,5,19,1.695141406,0.486107536,0.941745225,0.3,36,7901,NA,-0.701733465,-0.711437203
172,12972,735,SU_2017,SU,2017,control,"-2,19",-2,19,1,2,1,6/12/17,163,nonmast,NA,420,NA,n,JBF/MCS,grass,1.542168675,19,2,0,6,low predator,-2,6,19,0,0.735397158,0,0.3,36,7901,NA,-0.701733465,-0.711437203
173,12973,16,SU_2016,SU,2016,control,A17,A.0,17,1,1,2,5/5/16,126,nonmast,NA,420,NA,n,"DWI, BMT",NA,0,32,9,1,5,low predator,1,5,17,3.013584721,0.735397158,1.506792361,0.1,25,6468,NA,-0.584114201,1.091662151
174,12973,15,SU_2016,SU,2016,control,A17,A.0,17,1,2,2,5/26/16,147,nonmast,140,140,170,y,ZCF,wb,0,32,9,1,5,low predator,1,5,17,3.013584721,-1.317576202,1.506792361,0.1,25,6468,NA,-0.584114201,1.091662151
175,13023,542,AG_2017,AG,2017,food,R0,R.0,0,1,2,4,5/6/17,126,nonmast,NA,420,NA,n,SSJ/EEM/LEP,grass,1.563492063,19,6,3,6,low predator,18,5,0,2.448537586,0.735397158,0.941745225,0.316227766,36,7707,NA,-2.257472915,-1.1647138
176,13023,558,AG_2017,AG,2017,food,R0,R.0,0,1,1,4,4/12/17,102,nonmast,240,240,240,y,nMI/AJM/SSJ,bucket,1.563492063,32,6,1,5,low predator,18,4,0,0,-0.58437143,0,0.316227766,25,7707,NA,-2.257472915,-1.1647138
177,13023,580,AG_2016,AG,2016,food,S8.,S.0,8.5,1,2,2,4/20/16,111,nonmast,NA,420,NA,n,CFH,grass,0,19,6,3,6,low predator,19,4,8.5,0,0.735397158,0,0.223606798,36,7018,NA,-2.257472915,-1.1647138
178,13023,588,AG_2016,AG,2016,food,S8.,S.0,8.5,1,1,2,3/27/16,87,nonmast,NA,NA,NA,y,CFH,bucket,0,32,6,1,5,low predator,19,3,8.5,0,NA,0,0.223606798,25,7018,NA,-2.257472915,-1.1647138
205,13288,82,KL_2016,KL,2016,control,D17.,D.0,17.5,1,1,2,4/20/16,111,nonmast,NA,420,NA,n,JGR,wb,0,32,5,0,4,low predator,4,4,17.5,0,0.735397158,0,0.2,16,6483,NA,2.910501463,3.066712667
206,13288,81,KL_2016,KL,2016,control,D17.,D.0,17.5,1,2,2,5/16/16,137,nonmast,146,146,180,y,JST,grass,0,32,5,0,4,low predator,4,5,17.5,3.013584721,-1.273583915,1.318443316,0.2,16,6483,NA,2.910501463,3.066712667
208,13305,373,KL_2016,KL,2016,control,M7,M.0,7,1,1,2,4/26/16,117,nonmast,107,107,107,y,NA,NA,0,32,9,0,4,low predator,13,4,7,0,-1.559533776,0,0,16,6943,NA,-1.336886912,-0.12853228
209,13412,811,KL_2016,KL,2016,control,-811,-8,11,1,2,3,5/16/16,137,nonmast,NA,420,NA,n,ABM,NA,0,32,12,0,4,low predator,-8,5,11,2.071839496,0.735397158,1.318443316,0.3,16,6487,NA,1.700376903,-0.135309245
213,13438,90,SU_2017,SU,2017,control,E11.,E.0,11.5,1,2,3,6/8/17,159,nonmast,NA,420,NA,n,JBF/nMI,grass,1.542168675,19,0,0,5,low predator,5,6,11.5,0,0.735397158,0,0,25,7719,NA,1.546675894,1.245571004
214,13438,91,SU_2017,SU,2017,control,E11.,E.0,11.5,1,1,3,5/14/17,134,nonmast,NA,420,NA,n,SWK/MMS/MJD,wb,1.542168675,19,0,0,5,low predator,5,5,11.5,2.825235676,0.735397158,1.883490451,0,25,7719,NA,1.546675894,1.245571004
215,13445,803,KL_2016,KL,2016,control,-75,-7,5,1,1,3,4/27/16,118,nonmast,NA,420,NA,n,NA,NA,0,19,0,0,6,low predator,-7,4,5,0,0.735397158,0,0,36,6490,NA,1.505594688,-0.942440519
216,13445,802,KL_2016,KL,2016,control,-75,-7,5,1,2,3,5/21/16,142,nonmast,NA,420,NA,n,ERS,NA,0,19,0,0,6,low predator,-7,5,5,1.883490451,0.735397158,1.13009427,0,36,6490,NA,1.505594688,-0.942440519
217,13445,804,KL_2017,KL,2017,control,"-7,5",-7,5,1,2,4,6/13/17,164,nonmast,335,335,415,y,SWK,grass,1.142857143,32,0,0,5,low predator,-7,6,5,0,0.112173102,0,0,25,7904,NA,1.505594688,-0.942440519
218,13445,805,KL_2017,KL,2017,control,"-7,5",-7,5,1,1,4,5/23/17,143,nonmast,NA,420,NA,n,MMS/JBF,wb,1.142857143,32,0,0,5,low predator,-7,5,5,1.506792361,0.735397158,0.75339618,0,25,7904,NA,1.505594688,-0.942440519
223,13579,450,AG_2017,AG,2017,food,J.2.,J.5,2.5,1,2,1,5/24/17,144,nonmast,170,170,256,y,JGR/AJM,grass,1.563492063,19,1,0,5,low predator,15.5,5,2.5,3.201933766,-1.09761477,1.318443316,4.809365863,25,7722,NA,0.565886009,1.112184108
224,13579,451,AG_2017,AG,2017,food,J.2.,J.5,2.5,1,1,1,5/2/17,122,nonmast,30,30,170,y,JGR,wb,1.563492063,19,1,0,5,low predator,15.5,5,2.5,3.201933766,-2.12410145,1.318443316,4.809365863,25,7722,NA,0.565886009,1.112184108
227,13666,44,SU_2009,SU,2009,control,B7.,B.0,7.5,1,1,4,6/22/09,173,nonmast,45,45,60,y,NA,NA,3.058139535,314,18,3,2,high predator,2,6,7.5,0.188349045,-2.014120734,0.188349045,0.223606798,4,4560,NA,-1.488085344,-2.48607991
228,13666,43,SU_2009,SU,2009,control,B7.,B.0,7.5,1,2,4,7/15/09,196,nonmast,121,121,129,y,NA,NA,3.058139535,314,18,3,2,high predator,2,7,7.5,0.37669809,-1.456885108,0.188349045,2.745906044,4,4560,NA,-1.488085344,-2.48607991
229,13667,403,SU_2009,SU,2009,control,n5.,n.0,5.5,1,1,4,6/15/09,166,nonmast,NA,420,NA,n,NA,NA,3.058139535,314,12,0,2,high predator,14,6,5.5,0,0.735397158,0,0,4,6933,NA,-1.341681885,1.898991173
264,19583,389,KL_2017,KL,2017,control,n1.,n.0,1.5,1,1,4,5/3/17,123,nonmast,381,381,381,y,AJM/nKP,grass,1.142857143,19,2,2,4,low predator,14,5,1.5,1.506792361,0.449447297,0.941745225,0.223606798,16,7736,NA,-2.303094421,1.188347918
265,19583,388,KL_2017,KL,2017,control,n1.,n.0,1.5,1,2,4,5/28/17,148,nonmast,26,26,45,y,JGR/BMT,wb,1.142857143,19,2,2,4,low predator,14,5,1.5,1.506792361,-2.153429641,0.941745225,0.223606798,16,7736,NA,-2.303094421,1.188347918
273,19611,483,SU_2017,SU,2017,control,K.1,K.5,1,1,1,3,4/23/17,113,nonmast,155,155,168,y,nMI/JGR,grass,1.542168675,19,NA,1,4,low predator,16.5,4,1,0,-1.207595486,0,5.10881591,16,7739,NA,-1.33526102,2.338408293
274,19611,503,SU_2016,SU,2016,control,K.1,K.5,1,1,2,3,5/5/16,126,nonmast,56,56,69,y,JGR,grass,0,32,NA,1,3,low predator,16.5,5,1,2.260188541,-1.933468209,1.695141406,5.10881591,9,6516,NA,-1.33526102,2.338408293
275,19611,504,SU_2016,SU,2016,control,K.1,K.5,1,1,1,3,4/11/16,102,nonmast,120,120,120,y,AEW,grass,0,32,NA,1,3,low predator,16.5,4,1,0,-1.464217156,0,5.10881591,9,6516,NA,-1.33526102,2.338408293
276,19611,482,SU_2017,SU,2017,control,K.1,K.5,1,1,2,3,5/18/17,138,nonmast,194,194,204,y,nMI,grass,1.542168675,19,NA,1,4,low predator,16.5,5,1,1.506792361,-0.921645625,0.941745225,5.10881591,16,7739,NA,-1.33526102,2.338408293
286,19729,469,JO_2016,JO,2016,lac GC,P7.,P.0,7.5,1,1,2,4/16/16,107,nonmast,NA,420,NA,n,FVK,NA,0,22,NA,NA,6,low predator,16,4,7.5,0,0.735397158,0,0.2,36,6945,NA,0.064337872,2.141406474
287,19729,474,JO_2017,JO,2017,lac control,P7.,P.0,7.5,1,2,3,5/31/17,151,nonmast,NA,420,NA,n,HLS/MJD,wb,0.294117647,32,NA,0,3,low predator,16,5,7.5,3.013584721,0.735397158,1.695141406,0.2,9,7716,NA,0.064337872,2.141406474
288,19729,545,JO_2019,JO,2019,rattle,R10,R.0,10,2,1,4,9/10/19,253,mast,240,240,NA,y,AJH,grass,0.452380952,22,NA,NA,6,low predator,18,9,10,0,-0.58437143,0,0.8,36,9408,NA,0.064337872,2.141406474
289,19729,468,JO_2017,JO,2017,lac control,P7.,P.0,7.5,1,1,3,5/4/17,124,nonmast,NA,420,NA,n,ARM/HLS/nKP,wb,0.294117647,22,NA,NA,6,low predator,16,5,7.5,3.013584721,0.735397158,1.695141406,0.2,36,7716,NA,0.064337872,2.141406474
290,19729,73,JO_2019,JO,2019,rattle,D3,D.0,3,1,NA,4,6/30/19,181,mast,NA,420,NA,n,LKE,underground,0.452380952,19,NA,0,4,low predator,4,6,3,0,0.735397158,0,14.94121816,16,9315,NA,0.064337872,2.141406474
291,19729,510,JO_2019,JO,2019,rattle,Q7,Q.0,7,1,2,4,7/11/19,192,mast,NA,NA,NA,NA,AnD,wbr,0.452380952,19,NA,0,4,low predator,17,7,7,0,NA,0,3.006659276,16,9315,NA,0.064337872,2.141406474
294,19742,151,SU_2017,SU,2017,control,B.9.,B.5,9.5,1,2,3,6/3/17,154,nonmast,249,249,263,y,MMS/JGR/JBF,grass,1.542168675,19,NA,1,4,low predator,7.5,6,9.5,0,-0.518383001,0,7.516648189,16,7908,NA,-0.873091522,0.740937217
295,19742,164,SU_2017,SU,2017,control,B.9.,B.5,9.5,1,1,3,5/16/17,136,nonmast,NA,420,NA,n,SWK/nMI/MJT,wb,1.542168675,32,NA,0,3,low predator,7.5,5,9.5,2.448537586,0.735397158,1.13009427,7.516648189,9,7908,NA,-0.873091522,0.740937217
296,19742,152,SU_2016,SU,2016,control,B.9.,B.5,9.5,1,2,2,5/3/16,124,nonmast,NA,420,NA,n,SWK,grass,0,19,NA,1,4,low predator,7.5,5,9.5,2.825235676,0.735397158,1.506792361,5,16,6524,NA,-0.873091522,0.740937217
301,19766,154,KL_2017,KL,2017,control,B.10.,B.5,10.5,1,1,3,5/18/17,138,nonmast,68,68,87,y,MJD/MJT/JGR,grass,1.142857143,19,2,1,4,low predator,7.5,5,10.5,2.825235676,-1.845483637,1.318443316,4.9,16,7745,NA,-1.696327446,-0.084459963
302,19766,153,KL_2017,KL,2017,control,B.10.,B.5,10.5,1,2,3,6/3/17,154,nonmast,23,23,43,y,MMS/MJT,grass,1.142857143,19,2,1,4,low predator,7.5,6,10.5,0,-2.175425784,0,4.9,16,7745,NA,-1.696327446,-0.084459963
305,19809,316,KL_2017,KL,2017,control,F.20.,F.5,20.5,1,1,2,5/4/17,124,nonmast,145,145,198,y,ARM/nKP/AJM,wb,1.142857143,19,6,0,4,low predator,11.5,5,20.5,1.506792361,-1.280915963,0.75339618,5.203844733,16,8041,NA,-0.009259283,1.555404378
306,19809,315,KL_2017,KL,2017,control,F.20.,F.5,20.5,1,2,2,5/29/17,149,nonmast,117,117,157,y,MCS/HLS/SSJ,grass,1.142857143,19,6,0,4,low predator,11.5,5,20.5,1.506792361,-1.486213299,0.75339618,5.203844733,16,8041,NA,-0.009259283,1.555404378
307,19846,526,KL_2017,KL,2017,control,L.15,L.5,15,1,1,2,5/4/17,124,nonmast,52,52,55,y,SSJ/nKA/MS,wb,1.142857143,19,6,0,4,low predator,17.5,5,15,0,-1.9627964,0,4.9,16,7746,NA,0.538836262,2.58794349
321,19984,226,KL_2016,KL,2016,control,I11,I.0,11,1,1,3,4/12/16,103,nonmast,230,230,NA,y,STT,grass,0,32,NA,0,2,low predator,9,4,11,0,-0.657691907,0,0.141421356,4,6536,NA,0.319534131,1.507318784
322,19984,225,KL_2016,KL,2016,control,I11,I.0,11,1,2,3,5/7/16,128,nonmast,173,173,290,y,STT,NA,0,32,NA,0,2,low predator,9,5,11,4.332028037,-1.075618627,3.201933766,0.141421356,4,6536,NA,0.319534131,1.507318784
323,19984,208,KL_2017,KL,2017,control,I11,I.0,11,1,2,4,5/30/17,150,nonmast,NA,420,NA,n,NA,grass,1.142857143,19,NA,0,3,low predator,9,5,11,3.390282811,0.735397158,2.071839496,0.141421356,9,8042,NA,0.319534131,1.507318784
324,19984,209,KL_2017,KL,2017,control,I11,I.0,11,1,1,4,5/7/17,127,nonmast,NA,420,NA,n,HLS/ARM,wb,1.142857143,19,NA,0,3,low predator,9,5,11,3.390282811,0.735397158,2.071839496,0.141421356,9,8042,NA,0.319534131,1.507318784
333,20044,181,SU_2016,SU,2016,control,H17.,H.0,17.5,1,1,1,4/13/16,104,nonmast,293,293,370,y,SWK,NA,0,32,0,0,3,low predator,8,4,17.5,0,-0.195772902,0,0.3,9,6540,NA,-1.629538689,-1.190311969
334,20044,168,SU_2017,SU,2017,control,H17.,H.0,17.5,1,1,3,5/11/17,131,nonmast,NA,420,NA,n,ARM/BMT,grass,1.542168675,19,0,0,4,low predator,8,5,17.5,0.75339618,0.735397158,0.37669809,0,16,7756,NA,-1.629538689,-1.190311969
335,20044,180,SU_2016,SU,2016,control,H17.,H.0,17.5,1,2,1,5/7/16,128,nonmast,NA,420,NA,n,DWI,NA,0,32,0,0,3,low predator,8,5,17.5,1.13009427,0.735397158,0.37669809,0.3,9,6540,NA,-1.629538689,-1.190311969
347,20061,767,SU_2017,SU,2017,control,"-3,2",-3,2,1,2,2,5/20/17,140,nonmast,133,133,146,y,LEP/SSJ,grass,1.542168675,32,0,0,2,low predator,-3,5,2,0.75339618,-1.368900535,0.565047135,0.141421356,4,8034,NA,-2.738771434,-2.217788464
348,20061,764,SU_2016,SU,2016,control,-32,-3,2,1,2,3,5/14/16,135,nonmast,335,335,401,y,DWI,NA,0,19,0,0,3,low predator,-3,5,2,1.13009427,0.112173102,0.565047135,0.141421356,9,6545,NA,-2.738771434,-2.217788464
349,20061,763,SU_2017,SU,2017,control,-32,-3,2,1,1,2,4/24/17,114,nonmast,168,168,192,y,SSJ/HLS,grass,1.542168675,19,0,0,3,low predator,-3,4,2,0,-1.112278866,0,0.141421356,9,8034,NA,-2.738771434,-2.217788464
350,20061,768,SU_2016,SU,2016,control,-32,-3,2,1,1,3,4/20/16,111,nonmast,NA,420,NA,n,"EBC, JGR",grass,0,32,0,0,2,low predator,-3,4,2,0,0.735397158,0,0.141421356,4,6545,NA,-2.738771434,-2.217788464
365,20184,3,AG_2017,AG,2017,food,A14.,A.0,14.5,1,2,3,6/8/17,159,nonmast,NA,420,NA,n,MMS/MCS,wb,1.563492063,19,1,0,3,low predator,1,6,14.5,0,0.735397158,0,0.98488578,9,7766,NA,-1.12083741,-2.487401242
366,20184,4,AG_2017,AG,2017,food,A14.,A.0,14.5,1,1,3,5/7/17,127,nonmast,402,402,472,y,JGR/JBF,grass,1.563492063,19,1,0,3,low predator,1,5,14.5,2.071839496,0.603420299,0.75339618,0.98488578,9,7766,NA,-1.12083741,-2.487401242
367,20191,284,KL_2016,KL,2016,control,K7.,K.0,7.5,1,2,3,5/14/16,135,nonmast,NA,420,NA,n,BMT,NA,0,19,4,3,3,low predator,11,5,7.5,3.955329947,0.735397158,2.071839496,0.141421356,9,6553,NA,-1.058829156,-0.682430713
368,20191,301,KL_2017,KL,2017,control,K7.,K.0,7.5,1,2,3,6/10/17,161,nonmast,80,80,146,y,JBF/MMS,grass,1.142857143,32,4,0,2,low predator,11,6,7.5,0,-1.757499064,0,0.141421356,4,7767,1.41875,-1.058829156,-0.682430713
369,20191,302,KL_2016,KL,2016,control,K7.,K.0,7.5,1,1,3,4/20/16,111,nonmast,360,360,NA,y,ERS,wb,0,32,4,0,2,low predator,11,4,7.5,0,0.295474295,0,0.141421356,4,6553,NA,-1.058829156,-0.682430713
370,20191,283,KL_2017,KL,2017,control,K7.,K.0,7.5,1,1,3,5/17/17,137,nonmast,104,104,135,y,MCS/MJD,wb,1.142857143,19,4,3,3,low predator,11,5,7.5,3.201933766,-1.581529919,1.695141406,0.141421356,9,7767,1.41875,-1.058829156,-0.682430713
378,20231,512,AG_2017,AG,2017,food,Q11,Q.0,11,1,1,4,5/7/17,127,nonmast,140,140,154,y,NA,wb,1.563492063,19,1,0,3,low predator,17,5,11,3.201933766,-1.317576202,2.260188541,0.424264069,9,7770,NA,0.722004299,0.269205362
379,20231,511,AG_2017,AG,2017,food,Q11,Q.0,11,1,2,4,5/28/17,148,nonmast,210,210,260,y,BMT/JGR,grass,1.563492063,19,1,0,3,low predator,17,5,11,3.201933766,-0.804332862,2.260188541,0.424264069,9,7770,NA,0.722004299,0.269205362
380,20231,520,AG_2016,AG,2016,food,Q11,Q.0,11,1,1,3,4/26/16,117,nonmast,231,231,280,y,"MMS, EBC",NA,0,32,1,0,2,low predator,17,4,11,0,-0.65035986,0,0.424264069,4,6556,NA,0.722004299,0.269205362
383,20255,170,AG_2017,AG,2017,food,H17.,H.0,17.5,1,1,3,5/17/17,137,nonmast,NA,420,NA,n,HLS/MCF,grass,1.563492063,19,2,2,3,low predator,8,5,17.5,3.578631857,0.735397158,1.318443316,0.412310563,9,7771,NA,-1.710742221,-1.274388707
384,20255,169,AG_2017,AG,2017,food,H17.,H.0,17.5,1,2,3,5/23/17,143,nonmast,NA,420,NA,n,NA,grass,1.563492063,19,2,2,3,low predator,8,5,17.5,3.578631857,0.735397158,1.318443316,0.412310563,9,7771,NA,-1.710742221,-1.274388707
396,20297,171,KL_2017,KL,2017,control,H6,H.0,6,1,2,2,6/24/17,175,nonmast,NA,420,NA,n,MMS/MJD,grass,1.142857143,19,0,0,3,low predator,8,6,6,0,0.735397158,0,0.360555128,9,7777,NA,-0.590090073,2.465626988
397,20297,172,KL_2017,KL,2017,control,H6,H.0,6,1,1,3,5/31/17,151,nonmast,NA,420,NA,n,HLS/MJD,bucket,1.142857143,19,0,0,3,low predator,8,5,6,3.578631857,0.735397158,1.318443316,0.360555128,9,7777,NA,-0.590090073,2.465626988
410,20415,127,AG_2017,AG,2017,food,A.1.,A.5,1.5,1,1,3,5/2/17,122,nonmast,NA,420,NA,n,ARM/BMT,wb,1.563492063,19,1,1,3,low predator,6.5,5,1.5,2.636886631,0.735397158,1.506792361,5.115662225,9,7782,NA,-0.665632836,-1.985555433
411,20415,126,AG_2017,AG,2017,food,A.1.,A.5,1.5,1,2,3,5/20/17,140,nonmast,355,355,NA,y,MCS/MMS,cavity,1.563492063,19,1,1,3,low predator,6.5,5,1.5,2.636886631,0.258814057,1.506792361,5.115662225,9,7782,NA,-0.665632836,-1.985555433
447,20632,715,KL_2017,KL,2017,control,"-1,13",-1,13,1,1,3,5/21/17,141,nonmast,NA,420,NA,n,MJT,wb,1.142857143,19,0,0,3,low predator,-1,5,13,3.766980902,0.735397158,1.883490451,0.3,9,7792,NA,-1.932060428,-1.208525114
448,20632,719,KL_2016,KL,2016,control,-113,-1,13,1,1,3,4/26/16,117,nonmast,NA,420,NA,n,MMS,grass,0,32,0,0,2,low predator,-1,4,13,0,0.735397158,0,0.3,4,6595,NA,-1.932060428,-1.208525114
449,20632,714,KL_2017,KL,2017,control,"-1,13",-1,13,1,2,1,6/8/17,159,nonmast,NA,420,NA,n,HLS/MJD,grass,1.142857143,19,0,0,3,low predator,-1,6,13,0,0.735397158,0,0.3,9,7792,NA,-1.932060428,-1.208525114
450,20632,718,KL_2016,KL,2016,control,-113,-1,13,1,2,3,5/19/16,140,nonmast,180,180,NA,y,MMS,cavity,0,32,0,0,2,low predator,-1,5,13,4.520377082,-1.024294293,2.260188541,0.3,4,6595,NA,-1.932060428,-1.208525114
453,20688,213,KL_2017,KL,2017,control,I2.,I.0,2.5,1,1,3,5/18/17,138,nonmast,57,57,134,y,ZCF/LEP,wb,1.142857143,19,NA,1,3,low predator,9,5,2.5,3.013584721,-1.926136162,1.318443316,0.360555128,9,7796,1.54,-1.454895336,-1.00928541
454,20688,212,KL_2017,KL,2017,control,I2.,I.0,2.5,1,2,3,6/7/17,158,nonmast,231,231,343,y,nMI,wb,1.142857143,19,NA,1,3,low predator,9,6,2.5,0,-0.65035986,0,0.360555128,9,7796,1.54,-1.454895336,-1.00928541
455,20732,484,KL_2017,KL,2017,control,K.15,K.5,15,1,2,2,6/7/17,158,nonmast,150,150,197,y,MMS,grass,1.142857143,19,0,0,3,low predator,16.5,6,15,0,-1.244255724,0,4.801041554,9,7797,NA,0.474273551,1.740731888
456,20732,485,KL_2017,KL,2017,control,K.15,K.5,15,1,1,2,5/15/17,135,nonmast,162,162,NA,y,MMS/JBF,grass,1.142857143,19,0,0,3,low predator,16.5,5,15,0.565047135,-1.156271152,0.188349045,4.801041554,9,7797,NA,0.474273551,1.740731888
460,20760,499,JO_2018,JO,2018,rattle,K.7.,K.5,7.5,1,1,3,5/22/18,142,nonmast,265,265,283,y,CLP,wbr,15.68235294,26,8,0,4,low predator,16.5,5,7.5,2.448537586,-0.401070237,1.506792361,5,16,8760,NA,0.722553805,1.312745966
461,20760,494,JO_2019,JO,2019,rattle,K.7.,K.5,7.5,1,1,4,6/6/19,157,mast,255,255,269,y,ERS,wbr,0.452380952,22,8,4,5,low predator,16.5,6,7.5,0,-0.474390715,0,5,25,9097,NA,0.722553805,1.312745966
462,20760,498,JO_2019,JO,2019,rattle,K.7.,K.5,7.5,2,1,4,8/3/19,215,mast,300,300,360,y,AnD,underground,0.452380952,26,8,0,4,low predator,16.5,8,7.5,0,-0.144448568,0,5,16,9355,NA,0.722553805,1.312745966
463,20760,495,JO_2018,JO,2018,rattle,K.7.,K.5,7.5,1,2,3,6/9/18,160,nonmast,NA,420,NA,n,CLP/AIS,wbr,15.68235294,22,8,4,5,low predator,16.5,6,7.5,0,0.735397158,0,5,25,8760,NA,0.722553805,1.312745966
475,20857,740,KL_2017,KL,2017,control,-215,-2,15,1,1,3,5/10/17,130,nonmast,NA,420,NA,n,nKP/MCS,grass,1.142857143,19,5,2,3,low predator,-2,5,15,3.201933766,0.735397158,1.318443316,0,9,8131,NA,-0.291367052,1.82103436
476,20857,739,KL_2017,KL,2017,control,-215,-2,15,1,2,3,5/28/17,148,nonmast,NA,420,NA,n,nKP/ARM,wb,1.142857143,19,5,2,3,low predator,-2,5,15,3.201933766,0.735397158,1.318443316,0,9,8131,NA,-0.291367052,1.82103436
477,20857,749,KL_2016,KL,2016,control,-215,-2,15,1,1,2,4/26/16,117,nonmast,NA,420,NA,n,SBS,NA,0,32,5,0,2,low predator,-2,4,15,0,0.735397158,0,0,4,6615,NA,-0.291367052,1.82103436
478,20863,183,AG_2016,AG,2016,food,H2.,H.0,2.5,1,1,3,3/24/16,84,nonmast,300,300,483,y,SMK,grass,0,32,2,0,2,low predator,8,3,2.5,0,-0.144448568,0,0.509901951,4,7000,NA,-0.974060534,-1.739268265
479,20863,176,AG_2016,AG,2016,food,H2.,H.0,2.5,1,2,3,4/17/16,108,nonmast,NA,420,NA,n,FVK,NA,0,19,2,2,3,low predator,8,4,2.5,0,0.735397158,0,0.509901951,9,7000,NA,-0.974060534,-1.739268265
480,20863,175,AG_2017,AG,2017,food,H2.,H.0,2.5,1,2,3,4/27/17,117,nonmast,NA,420,NA,n,ARM/SSJ/EEM,wb,1.563492063,19,2,2,3,low predator,8,4,2.5,0,0.735397158,0,0.509901951,9,8030,NA,-0.974060534,-1.739268265
481,20863,182,AG_2017,AG,2017,food,H2.,H.0,2.5,1,1,3,4/19/17,109,nonmast,170,170,240,y,AJM/ARM,bucket,1.563492063,32,2,0,2,low predator,8,4,2.5,0,-1.09761477,0,0.509901951,4,8030,NA,-0.974060534,-1.739268265
482,20865,136,KL_2017,KL,2017,control,G4.,G.0,4.5,1,1,2,5/23/17,143,nonmast,120,120,151,y,nKP/ARM,grass,1.142857143,19,0,0,3,low predator,7,5,4.5,3.578631857,-1.464217156,1.695141406,0,9,7809,NA,-2.104862205,2.536422944
483,20865,135,KL_2017,KL,2017,control,G4.,G.0,4.5,1,2,2,6/5/17,156,nonmast,255,255,258,y,nKP/ARM,grass,1.142857143,19,0,0,3,low predator,7,6,4.5,0,-0.474390715,0,0,9,7809,NA,-2.104862205,2.536422944
486,20920,710,KL_2016,KL,2016,control,-0.12,-0.5,12,1,2,3,5/23/16,144,nonmast,NA,420,NA,n,yS,grass,0,19,0,0,3,low predator,-0.5,5,12,5.085424217,0.735397158,2.448537586,0.2,9,6623,NA,-0.973895808,1.133929622
487,20920,711,KL_2017,KL,2017,control,-0.12,-0.5,12,1,1,3,5/18/17,138,nonmast,90,90,118,y,MJD/MCS,wb,1.142857143,32,0,0,2,low predator,-0.5,5,12,4.143678992,-1.684178587,2.071839496,0.2,4,7812,1.248,-0.973895808,1.133929622
488,20920,712,KL_2016,KL,2016,control,-0.12,-0.5,12,1,1,3,4/30/16,121,nonmast,162,162,192,y,SBS,grass,0,32,0,0,2,low predator,-0.5,4,12,0,-1.156271152,0,0.2,4,6623,NA,-0.973895808,1.133929622
489,20920,709,KL_2017,KL,2017,control,-0.12,-0.5,12,1,2,3,6/12/17,163,nonmast,NA,420,NA,n,ZCF/MMS,grass,1.142857143,19,0,0,3,low predator,-0.5,6,12,0,0.735397158,0,0.2,9,7812,1.248,-0.973895808,1.133929622
492,20948,462,SU_2017,SU,2017,control,P5,P.0,5,1,1,3,5/15/17,135,nonmast,NA,420,NA,n,HLS,grass,1.542168675,19,NA,1,3,low predator,16,5,5,2.448537586,0.735397158,1.695141406,0,9,7922,NA,0.828875843,0.460293751
493,20948,461,SU_2017,SU,2017,control,P5,P.0,5,1,2,3,6/2/17,153,nonmast,NA,420,NA,n,nKP/MCS,grass,1.542168675,19,NA,1,3,low predator,16,6,5,0,0.735397158,0,0,9,7922,NA,0.828875843,0.460293751
498,20995,257,KL_2017,KL,2017,control,J11,J.0,11,1,2,4,6/5/17,156,nonmast,NA,420,NA,n,nMI,grass,1.142857143,19,0,0,3,low predator,10,6,11,0,0.735397158,0,0.141421356,9,7816,NA,1.649714908,1.40648774
499,20995,258,KL_2017,KL,2017,control,J11,J.0,11,1,1,4,5/8/17,128,nonmast,64,64,NA,y,JGR,grass,1.142857143,19,0,0,3,low predator,10,5,11,3.578631857,-1.874811828,2.071839496,0.141421356,9,7816,NA,1.649714908,1.40648774
503,21029,552,JO_2018,JO,2018,rattle,R13,R.0,13,1,2,4,5/20/18,140,nonmast,60,60,131,y,BJD,grass,15.68235294,26,NA,0,4,low predator,18,5,13,2.448537586,-1.904140018,1.318443316,0,16,8779,NA,0.795864511,0.066400238
504,21029,547,JO_2019,JO,2019,rattle,R13,R.0,13,1,2,5,7/16/19,197,mast,120,120,NA,y,AnD,wbr,0.452380952,22,NA,NA,5,low predator,18,7,13,0,-1.464217156,0,0,25,9106,NA,0.795864511,0.066400238
505,21029,553,JO_2018,JO,2018,rattle,R13,R.0,13,1,1,4,4/24/18,114,nonmast,390,390,NA,y,BJD,grass,15.68235294,26,NA,0,4,low predator,18,4,13,0,0.515435727,0,0,16,8779,NA,0.795864511,0.066400238
506,21029,546,JO_2019,JO,2019,rattle,R13,R.0,13,2,1,4,8/18/19,230,mast,180,180,240,y,SRT/MCK,grass,0.452380952,22,NA,NA,5,low predator,18,8,13,0.188349045,-1.024294293,0,2.061552813,25,9381,NA,0.795864511,0.066400238
507,21029,404,JO_2020,JO,2020,rattle,P12.,L.2,12,1,1,5,4/18/20,109,nonmast,420,420,480,y,AnD/AMS,grass,374.2142857,13,NA,0,6,low predator,14.2,4,12,0,0.735397158,0,NA,36,9748,NA,0.795864511,0.066400238
508,21058,137,SU_2017,SU,2017,control,G4,G.0,4,1,2,3,6/7/17,158,nonmast,NA,420,NA,n,SWK,grass,1.542168675,19,0,0,3,low predator,7,6,4,0,0.735397158,0,0,9,7927,NA,-1.561922064,1.888572439
509,21058,138,SU_2017,SU,2017,control,G4,G.0,4,1,1,3,5/14/17,134,nonmast,NA,420,NA,n,MCS/HLS,grass,1.542168675,19,0,0,3,low predator,7,5,4,2.448537586,0.735397158,1.695141406,0,9,7927,NA,-1.561922064,1.888572439
510,21075,717,KL_2016,KL,2016,control,-14,-1,4,1,2,2,5/12/16,133,nonmast,NA,420,NA,n,"JGR, EBC",wb,0,19,NA,1,3,low predator,-1,5,4,3.013584721,0.735397158,1.318443316,0,9,6640,NA,-0.580787355,2.088897074
511,21075,720,KL_2017,KL,2017,control,-14,-1,4,1,2,2,5/31/17,151,nonmast,53,53,74,y,MCS/MnI,grass,1.142857143,32,NA,0,2,low predator,-1,5,4,2.636886631,-1.955464352,1.13009427,0,4,7928,NA,-0.580787355,2.088897074
512,21075,716,KL_2017,KL,2017,control,-14,-1,4,1,1,2,5/7/17,127,nonmast,144,144,157,y,nKP/ARM,wb,1.142857143,19,NA,1,3,low predator,-1,5,4,2.636886631,-1.288248011,1.13009427,0,9,7928,NA,-0.580787355,2.088897074
516,21137,757,KL_2017,KL,2017,control,-2.4.,-2.5,4.5,1,1,4,4/30/17,120,nonmast,NA,420,NA,n,JGR/MMS,grass,1.142857143,19,0,0,3,low predator,-2.5,4,4.5,0,0.735397158,0,0.2,9,7930,NA,-0.905458678,1.897226495
517,21137,756,KL_2017,KL,2017,control,-2.4.,-2.5,4.5,1,2,3,5/24/17,144,nonmast,NA,420,NA,n,nKP/ARM/SB,wb,1.142857143,19,0,0,3,low predator,-2.5,5,4.5,2.260188541,0.735397158,0.941745225,0.2,9,7930,NA,-0.905458678,1.897226495
518,21153,351,AG_2017,AG,2017,food,G.8.,G.5,8.5,2,1,1,5/30/17,150,nonmast,380,380,NA,y,HLS,bucket,1.563492063,19,0,0,3,low predator,12.5,5,8.5,3.013584721,0.442115249,0.75339618,4.709564736,9,8145,NA,0.572938004,-2.45292647
519,21153,350,AG_2017,AG,2017,food,G.8.,G.5,8.5,2,2,1,6/23/17,174,nonmast,NA,420,NA,n,MJD/HLS/JBF,wb,1.563492063,19,0,0,3,low predator,12.5,6,8.5,0,0.735397158,0,4.709564736,9,8145,NA,0.572938004,-2.45292647
520,21153,352,AG_2017,AG,2017,food,G.8.,G.5,8.5,1,1,3,4/11/17,101,nonmast,NA,420,NA,n,nMI/ZCF/SWK,wb,1.563492063,19,0,0,3,low predator,12.5,4,8.5,0,0.735397158,0,4.709564736,9,7821,NA,0.572938004,-2.45292647
521,21155,194,KL_2016,KL,2016,control,C.0.,C.5,0.5,1,2,2,4/30/16,121,nonmast,NA,420,NA,n,SMK,wb,0,19,1,1,3,low predator,8.5,4,0.5,0,0.735397158,0,4.701063709,9,6644,NA,0.611574916,1.151857432
522,21155,198,KL_2017,KL,2017,control,C.0.,C.5,0.5,1,2,3,5/18/17,138,nonmast,106,106,145,y,nKP/ARM,cavity,1.142857143,32,1,0,2,low predator,8.5,5,0.5,2.260188541,-1.566865824,0.75339618,5,4,7822,NA,0.611574916,1.151857432
523,21155,193,KL_2017,KL,2017,control,C.0.,C.5,0.5,1,1,3,4/23/17,113,nonmast,NA,420,NA,n,SWK/LEP/ZCF,grass,1.142857143,19,1,1,3,low predator,8.5,4,0.5,0,0.735397158,0,5,9,7822,NA,0.611574916,1.151857432
524,21169,644,SU_2016,SU,2016,control,U5.,U.0,5.5,1,2,3,5/23/16,144,nonmast,NA,420,NA,n,ZCF,NA,0,32,NA,1,2,low predator,21,5,5.5,2.260188541,0.735397158,1.506792361,0.141421356,4,7046,NA,1.217523993,0.803704042
525,21169,643,SU_2017,SU,2017,control,U5.,U.0,5.5,1,1,3,5/15/17,135,nonmast,52,52,77,y,JBF/MMS,wb,1.542168675,32,NA,1,2,low predator,21,5,5.5,2.260188541,-1.9627964,1.318443316,0,4,8046,NA,1.217523993,0.803704042
526,21169,636,SU_2016,SU,2016,control,U5.,U.0,5.5,1,1,3,4/30/16,121,nonmast,NA,420,NA,n,EBC,NA,0,19,NA,0,3,low predator,21,4,5.5,0,0.735397158,0,0.141421356,9,7046,NA,1.217523993,0.803704042
527,21199,487,KL_2017,KL,2017,control,K.20,K.5,20,1,1,2,5/18/17,138,nonmast,382,382,NA,y,nMI,wb,1.142857143,19,0,0,3,low predator,16.5,5,20,0,0.456779345,0,5.2,9,8047,NA,-0.987560262,1.168522463
528,21199,486,KL_2017,KL,2017,control,K.20,K.5,20,1,2,1,6/15/17,166,nonmast,NA,420,NA,n,JBF,grass,1.142857143,19,0,0,3,low predator,16.5,6,20,0,0.735397158,0,5.2,9,8047,NA,-0.987560262,1.168522463
529,21215,290,KL_2017,KL,2017,control,K17.,K.0,17.5,1,1,3,5/10/17,130,nonmast,NA,420,NA,n,ZCF/nMI/LEP,cavity,1.142857143,19,NA,0,3,low predator,11,5,17.5,3.013584721,0.735397158,0.941745225,0.1,9,7823,NA,-0.670464888,-0.955693694
530,21215,303,KL_2016,KL,2016,control,K17.,K.0,17.5,1,2,2,5/12/16,133,nonmast,NA,420,NA,n,DWI,NA,0,32,NA,0,2,low predator,11,5,17.5,3.578631857,0.735397158,1.318443316,0.1,4,6647,NA,-0.670464888,-0.955693694
531,21215,289,KL_2017,KL,2017,control,K17.,K.0,17.5,1,2,3,6/2/17,153,nonmast,NA,420,NA,n,JBF/nMI,wb,1.142857143,19,NA,0,3,low predator,11,6,17.5,0,0.735397158,0,0.1,9,7823,NA,-0.670464888,-0.955693694
532,21215,304,KL_2016,KL,2016,control,K17.,K.0,17.5,1,1,2,5/2/16,123,nonmast,NA,420,NA,n,ZCF,NA,0,32,NA,0,2,low predator,11,5,17.5,3.578631857,0.735397158,1.318443316,0.1,4,6647,NA,-0.670464888,-0.955693694
533,21227,488,KL_2017,KL,2017,control,K.15.,K.5,15.5,1,2,3,5/27/17,147,nonmast,17,17,204,y,SWK,wb,1.142857143,19,1,1,3,low predator,16.5,5,15.5,0.565047135,-2.21941807,0.188349045,5,9,7825,NA,-0.975064309,1.615273555
534,21227,489,KL_2017,KL,2017,control,K.15.,K.5,15.5,1,1,3,5/4/17,124,nonmast,197,197,205,y,ARM/nKP,grass,1.142857143,19,1,1,3,low predator,16.5,5,15.5,0.565047135,-0.899649482,0.188349045,5,9,7825,NA,-0.975064309,1.615273555
535,21246,392,AG_2017,AG,2017,food,n23,n.0,23,1,2,2,5/17/17,137,nonmast,NA,420,NA,n,ZCF/LEP/MCS,grass,1.563492063,19,3,2,3,low predator,14,5,23,2.071839496,0.735397158,1.318443316,0.1,9,7826,NA,-0.431759565,1.314949848
536,21246,393,AG_2017,AG,2017,food,n23,n.0,23,1,1,2,4/23/17,113,nonmast,23,23,45,y,JGR,grass,1.563492063,19,3,2,3,low predator,14,4,23,0,-2.175425784,0,0.1,9,7826,NA,-0.431759565,1.314949848
537,21246,532,AG_2016,AG,2016,food,L.22,L.5,22,1,1,2,4/17/16,108,nonmast,NA,NA,NA,y,CFH,NA,0,32,3,1,2,low predator,17.5,4,22,0,NA,0,5.008991915,4,6650,NA,-0.431759565,1.314949848
540,21273,589,SU_2016,SU,2016,control,S8,S.0,8,1,1,3,4/12/16,103,nonmast,124,124,151,y,SWK,NA,0,32,NA,0,2,low predator,19,4,8,0,-1.434888965,0,0.223606798,4,6654,NA,-0.642528084,2.254003628
541,21273,582,SU_2017,SU,2017,control,S8.,S.0,8.5,1,1,4,5/1/17,121,nonmast,51,51,65,y,nKP/ARM/SB,grass,1.542168675,19,NA,0,3,low predator,19,5,8.5,2.071839496,-1.970128448,1.13009427,0.707106781,9,7931,NA,-0.642528084,2.254003628
542,21273,581,SU_2017,SU,2017,control,S8.,S.0,8.5,1,2,4,5/24/17,144,nonmast,109,109,137,y,nKP/ARM/SB,grass,1.542168675,19,NA,0,3,low predator,19,5,8.5,2.071839496,-1.544869681,1.13009427,0.707106781,9,7931,NA,-0.642528084,2.254003628
545,21342,724,KL_2017,KL,2017,control,-1.8.,-1.5,8.5,1,1,3,5/15/17,135,nonmast,NA,420,NA,n,ZCF/nMI,wb,1.142857143,19,1,1,3,low predator,-1.5,5,8.5,2.448537586,0.735397158,0.75339618,0.360555128,9,7828,NA,1.758330473,0.227944096
546,21342,723,KL_2017,KL,2017,control,-1.8.,-1.5,8.5,1,2,3,6/7/17,158,nonmast,187,187,286,y,nKP/ARM,wb,1.142857143,19,1,1,3,low predator,-1.5,6,8.5,0,-0.972969959,0,0.360555128,9,7828,NA,1.758330473,0.227944096
547,21350,108,KL_2017,KL,2017,control,F6.,F.0,6.5,1,2,3,5/14/17,134,nonmast,NA,420,NA,n,BEM/nMI,grass,1.142857143,19,1,1,3,low predator,6,5,6.5,3.201933766,0.735397158,1.13009427,0.1,9,7830,NA,-2.195531658,2.309615644
548,21350,117,KL_2016,KL,2016,control,F6.,F.0,6.5,1,2,1,5/18/16,139,nonmast,NA,420,NA,n,SSB,wb,0,32,1,0,2,low predator,6,5,6.5,4.520377082,0.735397158,1.883490451,0.1,4,6658,NA,-2.195531658,2.309615644
549,21350,109,KL_2017,KL,2017,control,F6.,F.0,6.5,1,1,3,4/20/17,110,nonmast,NA,420,NA,n,nMI/EEM,grass,1.142857143,19,1,1,3,low predator,6,4,6.5,0,0.735397158,0,0.1,9,7830,NA,-2.195531658,2.309615644
550,21350,118,KL_2016,KL,2016,control,F6.,F.0,6.5,1,1,1,4/27/16,118,nonmast,NA,420,NA,n,yS,grass,0,32,1,0,2,low predator,6,4,6.5,0,0.735397158,0,0.1,4,6658,NA,-2.195531658,2.309615644
554,21366,742,KL_2017,KL,2017,control,-27,-2,7,1,1,2,5/21/17,141,nonmast,280,280,330,y,SWK,wb,1.142857143,19,1,1,3,low predator,-2,5,7,2.448537586,-0.291089522,0.75339618,1.992485885,9,7933,1.912903226,0.144345218,0.782528463
555,21366,741,KL_2017,KL,2017,control,-27,-2,7,1,2,1,6/21/17,172,nonmast,NA,420,NA,n,nMI,wb,1.142857143,19,1,1,3,low predator,-2,6,7,0,0.735397158,0,1.992485885,9,7933,1.912903226,0.144345218,0.782528463
556,21382,765,KL_2017,KL,2017,control,"-3,13",-3,13,1,2,3,6/10/17,161,nonmast,NA,420,NA,n,nKP/ARM,wb,1.142857143,19,0,0,3,low predator,-3,6,13,0,0.735397158,0,0,9,7832,NA,-1.91475508,1.327544002
557,21382,766,KL_2017,KL,2017,control,"-3,13",-3,13,1,1,3,5/20/17,140,nonmast,60,60,65,y,nKP/ARM,wb,1.142857143,19,0,0,3,low predator,-3,5,13,3.390282811,-1.904140018,1.506792361,0,9,7832,NA,-1.91475508,1.327544002
558,21396,195,KL_2017,KL,2017,control,C.9,C.5,9,1,2,3,6/7/17,158,nonmast,NA,420,NA,n,MMS/MJD,wb,1.142857143,19,0,0,3,low predator,8.5,6,9,0,0.735397158,0,5.015974482,9,7833,NA,0.796675712,2.480179577
559,21396,61,KL_2016,KL,2016,control,C8.,C.0,8.5,1,2,3,5/25/16,146,nonmast,NA,420,NA,n,FVK,wb,0,32,0,0,2,low predator,3,5,8.5,3.578631857,0.735397158,1.318443316,1.029563014,4,6665,NA,0.796675712,2.480179577
560,21396,51,KL_2016,KL,2016,control,C8.,C.0,8.5,1,1,3,4/30/16,121,nonmast,NA,420,NA,n,yS,NA,0,19,0,0,3,low predator,3,4,8.5,0,0.735397158,0,1.029563014,9,6665,NA,0.796675712,2.480179577
561,21396,199,KL_2017,KL,2017,control,C.9,C.5,9,1,1,3,5/15/17,135,nonmast,246,246,275,y,MMS/MJD,grass,1.142857143,32,0,0,2,low predator,8.5,5,9,4.143678992,-0.540379144,2.260188541,5.015974482,4,7833,NA,0.796675712,2.480179577
563,21465,672,JO_2019,JO,2019,rattle,T.1,T.5,1,1,1,3,6/1/19,152,mast,NA,420,NA,n,SRT/LSM,underground,0.452380952,32,1,0,2,low predator,25.5,6,1,0,0.735397158,0,4.901020302,4,9116,NA,0.317029146,-1.023456364
564,21465,517,JO_2016,JO,2016,preg GC,Q4,Q.0,4,1,1,3,4/9/16,100,nonmast,NA,420,NA,n,CFH,wb,0,22,1,0,5,low predator,17,4,4,0,0.735397158,0,1.9,25,7038,NA,0.317029146,-1.023456364
565,21465,670,JO_2019,JO,2019,rattle,T.1,T.5,1,2,1,4,8/13/19,225,mast,NA,420,NA,n,SRT/LKE,underground,0.452380952,22,1,0,5,low predator,25.5,8,1,0,0.735397158,0,4.901020302,25,9373,NA,0.317029146,-1.023456364
566,21465,515,JO_2017,JO,2017,preg control,Q4,Q.0,4,1,1,3,4/20/17,110,nonmast,335,335,362,y,LEP/AJM,grass,0.294117647,19,1,1,3,low predator,17,4,4,0,0.112173102,0,1.9,9,7834,NA,0.317029146,-1.023456364
567,21465,671,JO_2019,JO,2019,rattle,T.1,T.5,1,1,2,3,6/27/19,178,mast,NA,NA,NA,NA,LSM/SRT,wbr,0.452380952,22,1,0,5,low predator,25.5,6,1,0,NA,0,4.901020302,25,9116,NA,0.317029146,-1.023456364
568,21465,516,JO_2016,JO,2016,preg GC,Q4,Q.0,4,1,2,3,5/1/16,122,nonmast,NA,420,NA,n,"JGR, EBC",grass,0,19,1,1,3,low predator,17,5,4,2.825235676,0.735397158,1.695141406,1.9,9,7038,NA,0.317029146,-1.023456364
569,21465,521,JO_2017,JO,2017,preg control,Q4,Q.0,4,1,2,3,5/15/17,135,nonmast,242,242,260,y,ARM/JGP/nKP,grass,0.294117647,32,1,0,2,low predator,17,5,4,2.448537586,-0.569707335,1.13009427,1.9,4,7834,NA,0.317029146,-1.023456364
570,21488,139,SU_2017,SU,2017,control,G11,G.0,11,1,2,3,6/10/17,161,nonmast,NA,420,NA,n,nKP/ARM,grass,1.542168675,19,NA,0,3,low predator,7,6,11,0,0.735397158,0,0,9,7935,NA,-2.409124266,2.46594497
571,21488,140,SU_2017,SU,2017,control,G11,G.0,11,1,1,3,5/17/17,137,nonmast,NA,420,NA,n,MJD/MCS,grass,1.542168675,19,NA,0,3,low predator,7,5,11,2.448537586,0.735397158,1.506792361,0,9,7935,NA,-2.409124266,2.46594497
573,21578,52,KL_2017,KL,2017,control,C2.,C.0,2.5,1,2,2,6/12/17,163,nonmast,NA,420,NA,n,MMS/ZCF,cavity,1.142857143,19,1,0,2,low predator,3,6,2.5,0,0.735397158,0,0.2,4,8138,1.711111111,-0.219631655,2.517527413
574,21578,53,KL_2017,KL,2017,control,C2.,C.0,2.5,1,1,2,5/14/17,134,nonmast,305,305,365,y,MCS/JBF,wb,1.142857143,19,1,0,2,low predator,3,5,2.5,2.448537586,-0.107788329,1.318443316,0.2,4,8138,1.711111111,-0.219631655,2.517527413
575,21583,674,AG_2017,AG,2017,food,U.12,U.5,12,1,2,3,5/9/17,129,nonmast,NA,420,NA,n,SWK/MJT/nMI,wb,1.563492063,19,NA,1,3,low predator,26.5,5,12,0,0.735397158,0,5.003998401,9,8026,NA,1.03132492,2.608787838
576,21583,675,AG_2017,AG,2017,food,U.12,U.5,12,1,1,3,4/16/17,106,nonmast,300,300,360,y,NA,grass,1.563492063,19,NA,1,3,low predator,26.5,4,12,0,-0.144448568,0,5.003998401,9,8026,NA,1.03132492,2.608787838
589,21907,744,SU_2017,SU,2017,control,"-2,20",-2,20,1,1,3,5/16/17,136,nonmast,NA,420,NA,n,SWK,wb,1.542168675,19,1,1,3,low predator,-2,5,20,1.506792361,0.735397158,0.75339618,0.632455532,9,7938,NA,1.660919464,1.771951802
590,21907,743,SU_2017,SU,2017,control,"-2,20",-2,20,1,2,3,6/7/17,158,nonmast,238,238,272,y,nMI,wb,1.542168675,19,1,1,3,low predator,-2,6,20,0,-0.599035526,0,0.632455532,9,7938,NA,1.660919464,1.771951802
592,21910,62,KL_2017,KL,2017,control,C17,C.0,17,1,1,3,5/21/17,141,nonmast,NA,420,NA,n,ZCF/MJD,wb,1.142857143,32,0,0,2,low predator,3,5,17,2.825235676,0.735397158,1.318443316,0.2,4,7842,NA,0.887373432,2.215769797
593,21910,54,KL_2017,KL,2017,control,C17,C.0,17,1,2,3,6/11/17,162,nonmast,49,49,60,y,MCS/MJD,grass,1.142857143,19,0,0,3,low predator,3,6,17,0,-1.984792543,0,0.2,9,7842,NA,0.887373432,2.215769797
594,21910,55,KL_2016,KL,2016,control,C17.,C.0,17.5,1,2,2,5/12/16,133,nonmast,NA,420,NA,n,CFH,NA,0,19,0,0,3,low predator,3,5,17.5,2.071839496,0.735397158,1.13009427,0.3,9,6684,NA,0.887373432,2.215769797
595,21910,63,KL_2016,KL,2016,control,C17.,C.0,17.5,1,1,2,4/17/16,108,nonmast,300,300,360,y,SBS,NA,0,32,0,0,2,low predator,3,4,17.5,0,-0.144448568,0,0.3,4,6684,NA,0.887373432,2.215769797
596,21921,608,SU_2017,SU,2017,control,T11,T.0,11,1,1,3,5/1/17,121,nonmast,NA,420,NA,n,MMS/HLS,wb,1.542168675,19,0,0,3,low predator,20,5,11,1.13009427,0.735397158,0.941745225,0.141421356,9,7844,NA,-0.466631746,2.251950434
605,21944,57,BT_2019,BT,2019,chickadee,C2.,C.0,2.5,1,1,4,6/26/19,177,mast,NA,420,NA,n,LSM/SRT,wbr,NA,22,3,3,5,low predator,3,6,2.5,0,0.735397158,0,NA,25,9120,NA,2.905314239,2.053238481
627,21984,639,SU_2017,SU,2017,control,U1,U.0,1,1,1,3,5/9/17,129,nonmast,234,234,NA,y,MCS/MJD,grass,1.542168675,19,1,0,3,low predator,21,5,1,0.75339618,-0.628363717,0.565047135,0.223606798,9,8056,NA,-2.02948761,-2.365570896
628,21984,640,SU_2016,SU,2016,control,U1,U.0,1,1,2,3,5/17/16,138,nonmast,NA,420,NA,n,FVK,NA,0,19,1,0,3,low predator,21,5,1,1.318443316,0.735397158,0.941745225,0.223606798,9,6700,NA,-2.02948761,-2.365570896
629,21984,645,SU_2017,SU,2017,control,U1,U.0,1,1,2,3,6/3/17,154,nonmast,270,270,NA,y,nKP/ARM,wb,1.542168675,32,1,1,2,low predator,21,6,1,0,-0.364409999,0,0.223606798,4,8056,NA,-2.02948761,-2.365570896
630,21984,646,SU_2016,SU,2016,control,U1,U.0,1,1,1,3,4/22/16,113,nonmast,300,300,360,y,SWK,grass,0,32,1,1,2,low predator,21,4,1,0,-0.144448568,0,0.223606798,4,6700,NA,-2.02948761,-2.365570896
641,22008,780,KL_2017,KL,2017,control,-59,-5,9,1,2,3,5/31/17,151,nonmast,245,245,262,y,SWK/ZCF,wb,1.142857143,19,1,1,3,low predator,-5,5,9,2.825235676,-0.547711192,1.318443316,0.5,9,7850,NA,1.410323267,0.178583604
642,22008,781,KL_2017,KL,2017,control,-59,-5,9,1,1,3,5/6/17,126,nonmast,NA,420,NA,n,nMI/MCS,grass,1.142857143,19,1,1,3,low predator,-5,5,9,2.825235676,0.735397158,1.318443316,0.5,9,7850,NA,1.410323267,0.178583604
643,22009,490,KL_2017,KL,2017,control,K.0.,K.5,0.5,1,2,3,6/7/17,158,nonmast,206,206,351,y,SWK,wb,1.142857143,19,NA,NA,NA,low predator,16.5,6,0.5,0,-0.833661053,0,NA,NA,7851,1.4,-2.394800562,0.230231723
644,22009,491,KL_2017,KL,2017,control,K.0.,K.5,0.5,1,1,3,5/23/17,143,nonmast,155,155,NA,y,ZCF/MJD,wb,1.142857143,19,NA,NA,NA,low predator,16.5,5,0.5,1.13009427,-1.207595486,0.75339618,NA,NA,7851,1.4,-2.394800562,0.230231723
646,22016,786,KL_2017,KL,2017,control,-515,-5,15,1,1,2,5/4/17,124,nonmast,NA,420,NA,n,HLS/MJD,wb,1.142857143,32,NA,0,1,low predator,-5,5,15,2.260188541,0.735397158,1.13009427,0.7,1,7947,NA,-0.406385484,1.223715378
647,22016,783,KL_2016,KL,2016,control,-515,-5,15,1,1,2,4/20/16,111,nonmast,NA,420,NA,n,JGR,NA,0,19,NA,1,2,low predator,-5,4,15,0,0.735397158,0,0.7,4,6708,NA,-0.406385484,1.223715378
648,22016,782,KL_2017,KL,2017,control,-515,-5,15,1,2,2,5/28/17,148,nonmast,238,238,255,y,ZCF/HLS,wb,1.142857143,19,NA,1,2,low predator,-5,5,15,2.260188541,-0.599035526,1.13009427,0.7,4,7947,NA,-0.406385484,1.223715378
649,22016,787,KL_2016,KL,2016,control,-515,-5,15,1,2,2,5/22/16,143,nonmast,NA,420,NA,n,MMS,grass,0,32,NA,0,1,low predator,-5,5,15,2.260188541,0.735397158,1.13009427,0.7,1,6708,NA,-0.406385484,1.223715378
654,22028,203,BT_2021,BT,2021,chickadee,B3.,B.6,4,1,1,2,6/17/21,168,nonmast,NA,420,NA,n,MDM/DKZ,bucket,NA,305,NA,NA,3,high predator,8.6,6,4,0,0.735397158,0,NA,9,9825,NA,-0.587364845,2.372418206
655,22028,42,BT_2021,BT,2021,chickadee,B3.,B.0,3.3,1,2,2,7/11/21,192,nonmast,NA,420,NA,n,MDM/SEL,grass,NA,36,NA,0,2,low predator,2,7,3.3,0,0.735397158,0,NA,4,9825,NA,-0.587364845,2.372418206
656,22028,825,BT_2022,BT,2022,NA,B.4,NA,NA,1,1,3,6/14/22,NA,mast,60,60,NA,y,NA,NA,NA,36,NA,0,2,low predator,NA,6,NA,0,-1.904140018,0,NA,4,NA,NA,-0.587364845,2.372418206
675,22117,595,KL_2017,KL,2017,control,n.2.,n.5,2.5,1,2,2,5/27/17,147,nonmast,38,38,62,y,HLS/MJD,wb,1.142857143,19,NA,0,2,low predator,19.5,5,2.5,0.75339618,-2.065445068,0.75339618,5,4,7861,NA,-2.128934871,-2.449429418
676,22117,596,KL_2017,KL,2017,control,n.2.,n.5,2.5,1,1,2,5/2/17,122,nonmast,252,252,252,y,MCS/AJM,wb,1.142857143,19,NA,0,2,low predator,19.5,5,2.5,0.75339618,-0.496386858,0.75339618,5,4,7861,NA,-2.128934871,-2.449429418
697,22200,467,AG_2017,AG,2017,food,P3,P.0,3,1,1,2,5/10/17,130,nonmast,150,150,169,y,nMI/MMS,grass,1.563492063,19,NA,0,1,low predator,16,5,3,3.201933766,-1.244255724,1.13009427,0.4,1,7867,NA,-0.512688262,0.867707696
722,22602,617,JO_2019,JO,2019,rattle,T13,T.0,13,2,1,6,7/14/19,195,mast,240,240,NA,y,SRT/AnD,grass,0.452380952,22,NA,NA,3,low predator,20,7,13,0,-0.58437143,0,NA,9,9321,NA,-0.869384885,0.942619868
724,22978,98,SU_2021,SU,2021,control,0.3,A.4,1,1,2,3,6/7/21,158,nonmast,NA,420,NA,n,MDM,grass,7.554216867,36,NA,0,4,low predator,5.4,6,1,0,0.735397158,0,5.292447449,16,9876,NA,0.545431143,-2.487401242
728,23201,218,JO_2019,JO,2019,rattle,I5,I.0,5,1,1,1,6/25/19,176,mast,NA,420,NA,n,LKE,underground,0.452380952,22,NA,NA,2,low predator,9,6,5,0,0.735397158,0,0,4,9173,NA,2.123712828,2.268444337
729,23201,353,JO_2019,JO,2019,rattle,G.9,G.5,9,2,1,4,8/19/19,231,mast,60,60,60,y,MCK,wbr,0.452380952,22,NA,NA,2,low predator,12.5,8,9,0.188349045,-1.904140018,0,5,4,9382,NA,2.123712828,2.268444337
730,23201,819,JO_2020,JO,2020,rattle,G.10,NA,10.7,1,1,3,3/30/20,90,nonmast,NA,420,NA,n,AMS,NA,374.2142857,13,NA,0,3,low predator,NA,3,10.7,0,0.735397158,0,NA,9,9695,NA,2.123712828,2.268444337
740,23856,821,RR_2019,RR,2019,rattle,B9/C8,NA,NA,2,1,5,7/22/19,203,mast,NA,420,NA,n,AnD,grass,NA,22,NA,NA,NA,low predator,NA,7,NA,0,0.735397158,0,NA,NA,9330,NA,0.93780363,1.438964919
747,23894,790,SU_2019,SUX,2019,chickadee,-5.16,-5.5,16,1,1,4,6/18/19,169,mast,NA,420,NA,n,LKE,underground,0.831325301,22,NA,NA,NA,low predator,-5.5,6,16,0,0.735397158,0,NA,NA,9246,NA,-0.758404214,-0.063486544
751,23903,814,SU_2019,SUX,2019,chickadee,-8.17,-8.5,17,1,1,4,6/18/19,169,mast,NA,420,NA,n,LSM,grass,0.831325301,22,NA,NA,NA,low predator,-8.5,6,17,0,0.735397158,0,NA,NA,9251,NA,1.612047382,2.270846204
752,23903,813,SU_2019,SUX,2019,chickadee,-8.17,-8.5,17,2,1,4,7/30/19,211,mast,NA,420,NA,n,AnD,grass,0.831325301,22,NA,NA,NA,low predator,-8.5,7,17,0,0.735397158,0,NA,NA,9348,NA,1.612047382,2.270846204
753,23903,812,SU_2019,SUX,2019,chickadee,-8.17,-8.5,17,2,2,4,8/25/19,237,mast,NA,420,NA,n,AJH,wbr,0.831325301,22,NA,NA,NA,low predator,-8.5,8,17,0.188349045,0.735397158,0,NA,NA,9348,NA,1.612047382,2.270846204
756,23931,823,RR_2019,RR,2019,rattle,C2/B2,NA,NA,2,2,6,9/5/19,248,mast,NA,420,NA,n,AJH,wbr,NA,22,NA,NA,NA,low predator,NA,9,NA,0,0.735397158,0,NA,NA,9372,NA,1.189379476,-2.481391181
757,23931,824,RR_2019,RR,2019,rattle,C5./B2,NA,NA,2,1,6,8/13/19,225,mast,NA,420,NA,n,SRT,wbr,NA,22,NA,NA,NA,low predator,NA,8,NA,0,0.735397158,0,NA,NA,9372,NA,1.189379476,-2.481391181
758,23931,35,RR_2019,RR,2019,rattle,B2,B.0,2,1,1,5,6/24/19,175,mast,NA,420,NA,n,SRT,grass,NA,22,NA,NA,NA,low predator,2,6,2,0,0.735397158,0,NA,NA,9268,NA,1.189379476,-2.481391181
760,24002,563,KL_2021,KL,2021,control,n1.,n.4,1.1,1,2,3,5/26/21,146,nonmast,540,420,NA,n,KAC/SEL,wbr,12.98809524,36,NA,1,2,low predator,18.4,5,1.1,0.37669809,0.735397158,0.188349045,4.418144407,4,9847,NA,0.584551373,2.159216882
761,24002,833,KL_2022,KL,2022,NA,n1.?,NA,NA,2,1,2,8/29/22,NA,mast,NA,420,NA,n,NA,NA,0.119047619,305,NA,NA,3,high predator,NA,8,NA,0,0.735397158,0,NA,9,NA,NA,0.584551373,2.159216882
762,24002,834,KL_2022,KL,2022,NA,n1.,NA,NA,1,1,4,6/10/22,NA,mast,NA,420,NA,n,NA,NA,0.119047619,305,NA,NA,3,high predator,NA,6,NA,0,0.735397158,0,NA,9,NA,NA,0.584551373,2.159216882
771,24265,28,BT_2020,BT,2020,chickadee,B1.,B.0,1.5,1,1,3,5/4/20,125,nonmast,NA,420,NA,n,AMS,bucket,NA,13,0,0,1,low predator,2,5,1.5,0.941745225,0.735397158,0,NA,1,9777,NA,2.315908775,1.509817109
775,24360,323,JO_2020,JO,2020,rattle,K.10.,L.0,10,1,1,3,4/15/20,106,nonmast,300,300,360,y,AMS,grass ball,374.2142857,13,NA,NA,1,low predator,12,4,10,0,-0.144448568,0,1.077032961,1,9765,NA,1.105475936,1.283546618
777,24384,237,JO_2020,JO,2020,rattle,F.4.,F.3,4.7,1,1,4,4/2/20,93,nonmast,NA,420,NA,n,AnD/AMS,grass,374.2142857,13,NA,NA,1,low predator,9.3,4,4.7,0,0.735397158,0,NA,1,9655,NA,-2.740497735,1.221184634
778,24417,682,JO_2020,JO,2020,rattle,T.1,T.9,1,1,1,3,5/12/20,133,nonmast,180,180,NA,y,AMS,bucket,374.2142857,13,0,0,1,low predator,29.9,5,1,0,-1.024294293,0,9.2,1,9802,NA,3.874808504,-2.471369072
829,24897,867,JO_2022,JO,2022,NA,K10.,NA,NA,1,1,4,6/25/22,NA,mast,NA,420,NA,n,NA,NA,0,305,NA,NA,2,high predator,NA,6,NA,0,0.735397158,0,NA,4,NA,NA,-0.889744869,0.170717687
830,24897,866,JO_2022,JO,2022,NA,K10.,NA,NA,2,1,4,8/4/22,NA,mast,240,240,NA,y,NA,NA,0,305,NA,NA,2,high predator,NA,8,NA,0,-0.58437143,0,NA,4,NA,NA,-0.889744869,0.170717687
832,24940,868,SU_2022,SU,2022,NA,0.3,NA,NA,1,1,5,6/13/22,NA,mast,NA,420,NA,n,NA,NA,0.186046512,305,NA,NA,2,high predator,NA,6,NA,0,0.735397158,0,NA,4,NA,NA,-1.00397391,-2.487401242
868,25140,885,JO_2022,JO,2022,NA,Q9,NA,NA,2,2,2,8/23/22,NA,mast,NA,420,NA,n,NA,NA,0,305,NA,NA,2,high predator,NA,8,NA,0,0.735397158,0,NA,4,NA,NA,1.011812906,1.854193551
883,25186,186,KL_2021,KL,2021,control,F17,F.2,17,2,2,2,7/10/21,191,nonmast,NA,420,NA,n,SEL,wbr,12.98809524,36,NA,0,1,low predator,8.2,7,17,0,0.735397158,0,2.2,1,9910,NA,1.670308642,2.280764664
884,25186,894,KL_2022,KL,2022,NA,F17,NA,NA,1,2,4,7/16/22,NA,mast,NA,NA,NA,y,NA,NA,0.119047619,305,NA,NA,2,high predator,NA,7,NA,0,NA,0,NA,4,NA,NA,1.670308642,2.280764664
885,25186,830,KL_2022,KL,2022,NA,F17,NA,NA,1,1,5,6/20/22,NA,mast,NA,420,NA,n,NA,NA,0.119047619,36,NA,0,1,low predator,NA,6,NA,0,0.735397158,0,NA,1,NA,NA,1.670308642,2.280764664
886,25186,425,KL_2021,KL,2021,control,F17,E.9,17.1,2,1,2,6/14/21,165,nonmast,NA,420,NA,n,LLR/SEL,grass,12.98809524,305,NA,NA,2,high predator,14.9,6,17.1,0,0.735397158,0,8.90056178,4,9910,NA,1.670308642,2.280764664
889,25195,579,JO_2021,JO,2021,rattle,L.11,K.7,11.9,1,1,3,5/12/21,132,nonmast,NA,420,NA,n,DKZ,ground,15.20238095,36,0,0,1,low predator,18.7,5,11.9,0.941745225,0.735397158,0.37669809,6.760177512,1,9877,NA,-1.09219404,0.081246917
893,25216,896,JO_2022,JO,2022,NA,F.10.,NA,NA,1,1,4,6/26/22,NA,mast,NA,420,NA,n,NA,NA,0,305,NA,NA,2,high predator,NA,6,NA,0,0.735397158,0,NA,4,NA,NA,-1.244880651,-2.470303998
894,25216,422,JO_2021,JO,2021,rattle,F.10.,G.7,10,1,2,3,5/27/21,147,nonmast,NA,420,NA,n,MBB,wbr,15.20238095,36,NA,NA,1,low predator,14.7,5,10,1.13009427,0.735397158,0.37669809,8.215229759,1,9881,NA,-1.244880651,-2.470303998
895,25216,238,JO_2021,JO,2021,rattle,F.10.,F.3,10.6,1,1,3,5/17/21,137,nonmast,NA,420,NA,n,MDM,grass,15.20238095,36,NA,NA,1,low predator,9.3,5,10.6,0.941745225,0.735397158,0.37669809,2.801785145,1,9881,NA,-1.244880651,-2.470303998
896,25216,895,JO_2022,JO,2022,NA,F.10.,NA,NA,2,1,3,9/5/22,NA,mast,NA,420,NA,n,NA,NA,0,305,NA,NA,2,high predator,NA,9,NA,0,0.735397158,0,NA,4,NA,NA,-1.244880651,-2.470303998
901,25232,901,JO_2022,JO,2022,NA,R5.,NA,NA,2,2,3,9/10/22,NA,mast,60,60,NA,y,NA,NA,0,305,NA,NA,1,high predator,NA,9,NA,0,-1.904140018,0,NA,1,NA,NA,-0.327616287,-1.286189656
902,25232,903,JO_2022,JO,2022,NA,R5.,NA,NA,1,1,5,7/2/22,NA,mast,NA,420,NA,n,NA,NA,0,305,NA,NA,1,high predator,NA,7,NA,0,0.735397158,0,NA,1,NA,NA,-0.327616287,-1.286189656
903,25232,902,JO_2022,JO,2022,NA,R5.,NA,NA,2,1,3,8/22/22,NA,mast,NA,NA,NA,y,NA,NA,0,305,NA,NA,1,high predator,NA,8,NA,0,NA,0,NA,1,NA,NA,-0.327616287,-1.286189656
905,25239,907,KL_2022,KL,2022,NA,I11.,NA,NA,1,1,4,6/20/22,NA,mast,NA,NA,NA,y,NA,NA,0.119047619,305,NA,NA,1,high predator,NA,6,NA,0,NA,0,NA,1,NA,NA,2.073478867,-1.399984236
906,25239,905,KL_2022,KL,2022,NA,I11.,NA,NA,2,2,5,8/28/22,NA,mast,180,180,NA,y,NA,NA,0.119047619,305,NA,NA,1,high predator,NA,8,NA,0,-1.024294293,0,NA,1,NA,NA,2.073478867,-1.399984236
907,25239,906,KL_2022,KL,2022,NA,I11.,NA,NA,2,1,5,8/22/22,NA,mast,120,120,NA,y,NA,NA,0.119047619,305,NA,NA,1,high predator,NA,8,NA,0,-1.464217156,0,NA,1,NA,NA,2.073478867,-1.399984236
908,25245,908,KL_2022,KL,2022,NA,A10.?,NA,NA,1,2,1,7/23/22,NA,mast,NA,420,NA,n,NA,NA,0.119047619,305,NA,NA,1,high predator,NA,7,NA,0,0.735397158,0,NA,1,NA,NA,2.130268478,-0.025047174
909,25245,909,KL_2022,KL,2022,NA,J.5,NA,NA,1,1,5,6/28/22,NA,mast,NA,420,NA,n,NA,NA,0.119047619,305,NA,NA,1,high predator,NA,6,NA,0,0.735397158,0,NA,1,NA,NA,2.130268478,-0.025047174
910,25275,910,KL_2022,KL,2022,NA,I2.,NA,NA,1,2,6,8/1/22,NA,mast,120,120,NA,y,NA,NA,0.119047619,305,NA,NA,1,high predator,NA,8,NA,0,-1.464217156,0,NA,1,NA,NA,-2.790846029,-2.487401242
911,25275,911,KL_2022,KL,2022,NA,I2.,NA,NA,1,1,6,7/2/22,NA,mast,NA,420,NA,n,NA,NA,0.119047619,305,NA,NA,1,high predator,NA,7,NA,0,0.735397158,0,NA,1,NA,NA,-2.790846029,-2.487401242
914,25290,914,KL_2022,KL,2022,NA,O.2.,NA,NA,1,1,4,6/8/22,NA,mast,NA,420,NA,n,NA,NA,0.119047619,305,NA,NA,1,high predator,NA,6,NA,0,0.735397158,0,NA,1,NA,NA,2.461837319,0.289974789
917,25314,918,JO_2022,JO,2022,NA,F0,NA,NA,2,1,4,8/26/22,NA,mast,NA,420,NA,n,NA,NA,0,305,NA,NA,1,high predator,NA,8,NA,0,0.735397158,0,NA,1,NA,NA,0.275701816,1.300258944
918,25314,919,JO_2022,JO,2022,NA,F0,NA,NA,1,1,5,6/26/22,NA,mast,300,300,NA,y,NA,NA,0,305,NA,NA,1,high predator,NA,6,NA,0,-0.144448568,0,NA,1,NA,NA,0.275701816,1.300258944
919,25314,917,JO_2022,JO,2022,NA,E1.,NA,NA,2,2,3,9/18/22,NA,mast,NA,420,NA,n,NA,NA,0,305,NA,NA,1,high predator,NA,9,NA,0,0.735397158,0,NA,1,NA,NA,0.275701816,1.300258944
922,25334,922,KL_2022,KL,2022,NA,-11,NA,NA,1,1,5,6/23/22,NA,mast,NA,NA,NA,NA,NA,NA,0.119047619,305,NA,NA,1,high predator,NA,6,NA,0,NA,0,NA,1,NA,NA,-1.215058635,-0.101954105
923,25342,924,SU_2022,SU,2022,NA,A7,NA,NA,1,1,1,6/28/22,NA,mast,NA,420,NA,n,NA,NA,0.186046512,305,NA,NA,1,high predator,NA,6,NA,0,0.735397158,0,NA,1,NA,NA,-1.138793093,0.165837048
924,25342,923,SU_2022,SU,2022,NA,A7,NA,NA,1,2,1,7/23/22,NA,mast,NA,420,NA,n,NA,NA,0.186046512,305,NA,NA,1,high predator,NA,7,NA,0,0.735397158,0,NA,1,NA,NA,-1.138793093,0.165837048